"","sex","sbp","dbp","snp1","snp2","snp3","snp4","snp5","snp6","snp7","snp8","snp9","snp10","snp11","bmi"
"1","FEMALE",171,89,"CC","TT","TT","TT","CC","GG","AA","TT","TT","CC","TT",25
"2","MALE",160,99,"TT","TT","CC",NA,"CC","AG","AT","CC","CT","CC","CT",35
"3","FEMALE",142,83,"CT","TT","TC","CT","CC","AG","TT","CC","TT","CT","TT",34
"4","MALE",126,71,"CT","TT","CC",NA,"CC","AA","TT","CC","TT","CT","CT",32
"5","FEMALE",126,82,"CT","TT","CC","CC","CC","AA","TT","CC","TT","CT","CT",34
"6","FEMALE",132,89,"CT","TT","CC","CC","CC",NA,"TT","CC","TT","TT","CT",25
"7","FEMALE",136,58,"TT","TT","CC","CC","CC","AG","AT","CC","CT","CT","CT",22
"8","FEMALE",121,87,"TT","TT","CC","CC","CC","AG","AT","CT","CT","TT","TT",33
"9","MALE",120,69,"TT","TT","CC","CT","CC","AA","TT","CC","TT","CT","TT",21
"10","MALE",136,88,"TT","TT","CC","CC","CC","AA","TT","CC","TT","CT","TT",29
"11","MALE",150,78,"TT","TT","CC","CC",NA,NA,"AT","CT","CT","CC","TT",27
"12","MALE",144,90,NA,"AT","CC","CT","CT","AG","AT","CT","CT","CC","TT",27
"13","FEMALE",108,65,"CT","TT","CC","CC","CC","AA","TT","CC","TT","CT","CT",23
"14","FEMALE",181,82,"CC","TT","TC","CT","CC","AA","TT","CC","TT","CC","CT",24
"15","MALE",135,85,"CC","TT","TT","TT",NA,"AA","TT","CC","TT","CC","TT",25
"16","FEMALE",141,85,"TT","TT",NA,"CC","CC","AA","TT","CC",NA,"CT","TT",42
"17","FEMALE",169,101,"CT","TT","TC","CT","CC","AG","TT","CC","TT","CT","TT",22
"18","MALE",130,69,"CT","TT","CC","CC","CC","AA","TT","CC","TT","CT","CT",33
"19","MALE",156,103,"TT","AT","CC","CT","CT","AG","AT","CT","CT","TT","TT",24
"20","MALE",127,89,"TT","TT","CC","CC","CC","AA","TT","CC","TT","CT","TT",25
"21","MALE",171,99,"TT","TT","CC","CC","CC","AG","AT","CT","CT","CT","TT",26
"22","FEMALE",173,92,"CC","TT","TC","CT","CC","AA","TT","CC","TT","CT","CT",20
"23","MALE",114,71,"CC","TT","TC","CT","CC","AA","TT","CC","TT","CC","CT",27
"24","MALE",114,72,"TT","AT","CC","CT","CT","AG","AT","CT","CT","CC","TT",33
"25","MALE",169,85,"TT","TT","CC","CC","CC","AA","TT","CC","TT","TT","TT",29
"26","MALE",121,102,"CT","TT","CC","CC","CC","AA","TT","CC","TT","TT","CT",25
"27","FEMALE",164,97,"CT","TT","CC","CC","CC","AA","TT","CC","TT","TT","CT",25
"28","FEMALE",148,89,"TT","AT","CC","CT","CC","AA","TT","CC","TT","CT","TT",48
"29","MALE",156,90,"TT","AA","CC","TT","CT","AG","AT","CT","TT","CT","TT",24
"30","FEMALE",156,97,"TT","TT","CC","CC","CC","AA","TT","CC","TT","CT","TT",28
"31","MALE",140,93,"TT","TT","CC","CC","CC","AA","TT","CC","TT","CT","TT",29
"32","FEMALE",138,90,"TT","AT","CC",NA,"CT","AG","AA","CT","CT","TT","TT",47
"33","MALE",120,84,"CT","AT","CC",NA,"CT","AG","AT","CT","TT","CT","CT",26
"34","FEMALE",157,92,"CC","TT",NA,"TT","CC","AG","AT","CC","TT","TT","TT",30
"35","MALE",123,79,"CT","TT","CC","CC","CC","AA","AT","CC","TT","CC","CT",29
"36","MALE",128,77,"CT","TT","TC","CT","CC","AG","AT","CC","TT","CT","TT",31
"37","MALE",116,82,"TT","TT","CC",NA,"CC",NA,"AT","CC","TT","CT","TT",31
"38","MALE",125,72,"TT","AT","CC","CT","CT","AG","AT","CT","CT","CT","TT",36
"39","FEMALE",188,107,"CT","AT","TC","TT",NA,"GG","AT","CT","CT","CC","TT",30
"40","MALE",129,89,"TT","TT","CC","CC","CC","AA","TT","CC","TT","CC","TT",25
"41","FEMALE",139,76,"TT","TT","CC","CC","CC","AA","AT","CC","TT","CT","TT",25
"42","FEMALE",137,79,"CT","TT","CC","CC","CC","AA","TT","CC","TT","TT","CT",30
"43","FEMALE",173,88,"CC","TT","CC","CC","CC","AA","TT","CC","TT","TT","CC",27
"44","MALE",132,83,"CT","TT","TC","CT","CC","AG","AT","CC","TT","CC","TT",26
"45","FEMALE",129,92,"CT","TT","TC","CT","CC","AG","AT","CT","CT","CC","TT",44
"46","FEMALE",160,83,"TT","AT","CC","CT","CT","AG","AT","CT","CT","CC","TT",27
"47","FEMALE",159,79,"TT","AT","CC","CT","CT","AG","AT",NA,"TT","CT","TT",19
"48","FEMALE",136,57,"CT","AA","TC","TT","CC","AG","AT",NA,"TT","CC","TT",30
"49","FEMALE",142,79,"TT","AT","CC","CT","CT","AG","AT","CT","CT","CC","TT",25
"50","FEMALE",141,84,"CT","AT","TC","TT","CC","GG","AA","TT","TT","CC","TT",31
"51","FEMALE",148,71,"TT","AT","CC",NA,"CT","AG","AA","CT","CT","CT","TT",27
"52","FEMALE",159,82,"CC","TT","TC","CT","CC","AG","TT","CC","TT","CC","CT",33
"53","FEMALE",161,83,"TT","AT","CC","CT","CC","AA","TT","CC","TT","CT","TT",20
"54","FEMALE",127,66,"TT","TT","CC","CC","CC",NA,"AT","CT","CT","CC","TT",29
"55","FEMALE",172,86,"CT","AT","TC","TT","CC","AG","TT","CC","TT","CC","TT",28
"56","MALE",161,76,"TT","TT","CC","CC","CC","AA","TT","CC","TT","CT","TT",28
"57","FEMALE",148,80,"CT","AT","TC","TT",NA,"AG","AT","CT","CT","CC","TT",30
"58","MALE",120,76,"CT","AT","TC","TT",NA,"GG","AT","CT","CT","TT","TT",26
"59","FEMALE",125,71,"TT","TT","CC","CT","CC","AA","TT","CC","TT","CC","TT",23
"60","FEMALE",113,71,"CT","TT","CC","CC","CC","AA","TT","CC","TT","CT","CT",28
"61","MALE",126,86,"TT","AA","TC","TT","CC","GG","AT","CT","TT","CC","TT",48
"62","MALE",156,71,"CT","TT","CC","CC","CC","AA","TT","CC","TT","CC","CT",29
"63","MALE",130,78,"CC","TT","CC","CC","CC","AA","TT","CC","TT","TT","CC",36
"64","MALE",147,88,"TT","AT","CC","CT","CC","AG","AT","CT","CT","CT","TT",33
"65","FEMALE",119,80,"TT","TT","CC","CC","CC","AA","TT","CC","TT","CC","TT",35
"66","MALE",141,88,"TT","TT","CC","CC","CC","AA","TT","CC","TT",NA,"TT",25
"67","FEMALE",118,75,"CT","TT","TC","CT","CC","AA","TT","CC","TT","CC","TT",30
"68","MALE",141,90,"TT","TT","CC","CC","CC",NA,"TT","CC","TT","CC","TT",26
"69","FEMALE",136,71,"CC","TT","TC","CT","CC","AA","AT","CT","CT","CT",NA,24
"70","FEMALE",125,73,"CC","TT","TC","CT","CC","AG","AT","CT","TT","CT","CT",22
"71","FEMALE",146,82,"TT","TT","CC","CC","CC","AA","TT","CC","TT","CT","TT",35
"72","FEMALE",165,95,"CT","TT","TC","CT","CC","AG","AT","CC","TT","CT","TT",34
"73","FEMALE",178,91,"TT","AA","TC","TT","CC","GG","AA","CT","TT","CC","TT",38
"74","MALE",141,80,"CT","TT","TC","TT","CC","AG","AT","CT","CT","CT","TT",29
"75","FEMALE",148,76,"TT","AT","CC","CT","CT","AG","AT","CT","CT","CC","TT",30
"76","MALE",149,79,"CT","TT","CC","CC","CC","AA","AT","CC","TT","CT","CT",28
"77","FEMALE",179,95,"CT","TT","TC","CT","CC","AG","TT","CC","TT","CT","TT",27
"78","FEMALE",121,85,"CC","TT","TT","TT","CC","AA","TT","CC","TT","CT","TT",35
"79","FEMALE",122,60,"TT","TT","CC","CC","CC","AA","TT","CC","TT","TT","TT",17
"80","MALE",121,85,"CT","TT","TC",NA,"CC","GG","AT","CC","TT","CT","TT",28
"81","MALE",131,80,"CT","TT","TC","CT","CC","AA","TT","CC","TT","CT","TT",28
"82","FEMALE",174,86,"TT","AT","CC","TT","CT","AA","TT","CC","TT","CC","TT",35
"83","MALE",162,93,"TT","TT","CC","CC","CC","AA","AT","CC","TT","TT","TT",26
"84","MALE",131,91,"CT",NA,NA,"CC","CC","AA","TT","CC",NA,"CT","CT",28
"85","FEMALE",135,82,"CT","TT","CC","CC","CC","AA","TT","CC","TT","CT","CT",20
"86","MALE",159,95,"TT","TT","CC","CC","CC","AA","TT","CC","TT","CT","TT",28
"87","FEMALE",158,101,"TT","AT","CC","CT","CT","AG","AT","CT","CT","CT","TT",26
"88","MALE",131,67,"CC","TT","TC","CT","CC","AG","TT","CC","TT","CC","CT",25
"89","FEMALE",152,82,"CT","TT","TC","CT","CC","AG","AT","CT","CT","CC","TT",30
"90","FEMALE",170,105,"TT","AT","CC","CT","CT",NA,"AT","CT","CT","CC","TT",25
"91","MALE",133,71,"TT","TT","CC","CC","CC","AA","TT","CC","TT","CT","TT",26
"92","MALE",126,77,"CT","AT","TC","TT",NA,"AG","TT","CC","TT","CT","TT",34
"93","FEMALE",160,94,"CT","TT","CC","CC","CC","AA","TT","CC","TT","CT","CT",24
"94","FEMALE",171,110,"TT","AA","CC","TT","TT","GG","AT","CT","CT","CC","TT",33
"95","MALE",120,86,"TT","TT","CC","CC","CC","AA","TT","CC","TT","CT","TT",33
"96","MALE",164,90,"CT","TT","TC","CT","CC","AA","TT","CC","TT","CT","TT",41
"97","FEMALE",122,85,"CT","TT","TC","CT","CC","AG","AT","CT","CT","CT","TT",30
"98","MALE",125,72,"CC","TT","TC","CT","CC","AA","TT","CC","TT","TT","CT",32
"99","MALE",131,104,"CT","TT","CC","CC","CC","AA","TT","CC","TT","TT","CT",28
"100","FEMALE",152,84,"TT","TT","CC","CC","CC","AA","AT","CC","TT","CT","TT",25
"101","MALE",127,88,"CT","AT",NA,NA,NA,"AA","TT","CC",NA,"CT","CT",35
"102","FEMALE",164,86,"TT",NA,"CC",NA,"CC","AA","TT","CC","TT","TT","TT",36
"103","MALE",147,80,"CT","TT","CC","CC","CC","AA","TT","CC","TT","CT","CT",29
"104","MALE",147,79,"CC","TT",NA,"CT","CC","AG","TT","CC",NA,"TT","CT",24
"105","FEMALE",129,76,"TT","TT","CC","CC","CC","AA","TT","CC","TT","CC","TT",23
"106","MALE",150,92,"CT","TT","TC","CT","CC","AG","AA","CC","TT","CT","TT",40
"107","FEMALE",145,72,"CT","TT","TC","CT","CC","AA","TT","CC","TT","CT","TT",31
"108","MALE",142,87,"TT","TT","CC","CC","CC","AA","TT","CC","TT","TT","TT",27
"109","FEMALE",103,58,"CT","TT","CC","CC","CC",NA,"AT","CC","TT","TT","CT",30
"110","FEMALE",148,92,"CT","TT","CC","CC","CC","AA","AT","CC","TT","CT","CT",23
"111","MALE",161,95,"TT","AT","CC","CT","CC","AG","AT","CT","CT","CC","TT",36
"112","MALE",131,83,"CC","TT","TT","TT","CC","AG","TT","CC","TT","TT","TT",26
"113","FEMALE",151,85,"TT","TT","CC","CC","CC","AA","TT","CC","TT","CT","TT",22
"114","FEMALE",140,81,"CT","AT","CC","CT","CT","GG","AA","CT","CT","CC","CT",48
"115","FEMALE",148,70,"TT","TT","CC","CC","CC","AA","TT","CC","TT","CC","TT",34
"116","MALE",166,108,"TT","TT","CC","CC","CC","AA","TT","CC","TT","CC","TT",26
"117","MALE",137,81,"CT","TT","CC","CC","CC","AA","TT","CC","TT","CC","CT",31
"118","FEMALE",144,88,NA,NA,NA,"CT",NA,NA,NA,NA,NA,"CC",NA,22
"119","FEMALE",112,74,"CT","AT","CC","CT",NA,"AG","AA","CC","CT","CT","CT",40
"120","FEMALE",151,89,"CT","TT","TC","CT","CC","AG","AT","CC","TT","TT","TT",30
"121","FEMALE",122,77,"CT","TT","TC","CT","CC","AA","TT","CC","TT","CT","TT",29
"122","FEMALE",154,69,"TT","TT","CC","CC","CC","AA","TT","CC","TT","CT","TT",29
"123","FEMALE",180,71,"CT","TT","CC","CT","CC","AA","TT","CC","TT","CT","TT",21
"124","MALE",150,74,"CT","AT","CC","CT","CT","AG","AT","CT","CT","CT","CT",31
"125","MALE",121,87,"TT","TT","CC","CC","CC","AA","TT","CC","TT","CT","TT",45
"126","MALE",168,80,"TT","AT","CC","CT","CC","AA","AT","CC","TT","CT","TT",22
"127","FEMALE",159,93,"CT","TT","TC","CT","CC","AG","AT","CT","CT","CT","TT",31
"128","MALE",121,103,"CT","AT","CC","CT","CT","AG","AA","CT","TT","CC","CT",37
"129","MALE",141,73,"CT","AT","TC","TT",NA,"AG","AA",NA,"CC","CC","TT",32
"130","FEMALE",136,91,"CT","AT","TC","TT",NA,"GG","AT","CT","TT","CT","TT",24
"131","FEMALE",158,94,"CT","TT","TC","CT","CC","AG","AT","CT","CT","CT",NA,29
"132","MALE",148,89,"CT","TT","CC","CC","CC","AA","TT","CC","TT","CT","CT",29
"133","MALE",121,69,"CT","TT","TC","CT","CC","AG","TT","CC","TT","CT","TT",35
"134","FEMALE",168,87,"CT","AT","TC","TT","CC",NA,"AT","CT","CT","CC","TT",30
"135","MALE",114,85,"CT","TT",NA,NA,"CT","AG","AT","CT","CT","CC","TT",36
"136","FEMALE",137,78,"CT","TT","CC","CC","CC","AA","TT","CC","TT","TT","CT",41
"137","MALE",128,85,"TT","AT","CC","CT","CC","AA","TT","CC","TT","CC","TT",31
"138","MALE",161,81,"CC","TT","TC","CT","CC",NA,"AA","TT","CC","CC","CT",36
"139","MALE",116,82,"CC","TT","TC","CT","CT","AG",NA,"CT","CC","CC","CT",24
"140","FEMALE",141,80,"TT","TT","CC","CC","CC","AG","AA","TT","CC","CC","TT",28
"141","FEMALE",128,84,"TT","TT","CC","CC","CC","AA","TT","CC","TT","CT","TT",23
"142","MALE",139,73,"TT",NA,"CC","CC",NA,"AA","TT","CC","TT","CT","TT",29
"143","FEMALE",118,79,"CT","AT","CC","CT","CT","AG","AT","CT","CT","CC","CT",21
"144","MALE",135,84,"CT","TT","TC","CT","CC","AA","TT","CC","TT","CT","TT",22
"145","FEMALE",143,70,"CT","TT","CC","CC","CC","AA","TT","CC","TT","CC","CT",25
"146","MALE",108,73,"TT","AT",NA,"CT",NA,NA,"TT","CC",NA,"CT",NA,25
"147","MALE",138,80,"TT","AT","CC","CT","CT","AA","AT","CC","TT","CC","TT",27
"148","MALE",113,72,"CC","TT","TT","TT","CC",NA,"AA","CT","TT","CC","TT",42
"149","FEMALE",174,85,"TT","TT","CC","CC","CC","AA","TT","CC","TT","CT","TT",48
"150","MALE",132,99,"CC","AA","TT","TT","CC","GG","AA","TT","TT","CC","TT",31
"151","FEMALE",151,109,"CT","TT","CC","CC","CC","AA","TT","CC","TT","CC","CT",34
"152","FEMALE",123,82,"CT","AT","TC","TT",NA,NA,"AT","CT","CT","CT","TT",29
"153","MALE",142,88,"CT","TT","TC","CT","CC","AA","TT","CC","TT","TT","TT",26
"154","FEMALE",131,81,"CT","AT","TC","TT",NA,"GG","AA","CT","TT","TT","TT",25
"155","MALE",136,86,"CT","TT","CC","CC","CC","AA",NA,"CC","TT","CT","CT",39
"156","MALE",121,87,"CT","TT","CC","CC","CC",NA,"AT","CC","TT","TT","CT",27
"157","FEMALE",152,72,"TT","AT","CC","CT","CT","AG","AT","CT","CT","CC","TT",31
"158","FEMALE",133,84,"CT","TT","CC","CC","CC","AA","TT","CC","TT","TT","CT",39
"159","MALE",139,86,"CT","TT",NA,"CC","CC","AA","TT","CC","TT","TT","CT",31
"160","FEMALE",129,78,"TT","AT","CC",NA,"CT","AA","AT","CT","CT","CC","TT",26
"161","MALE",139,62,NA,NA,NA,NA,NA,NA,NA,NA,NA,NA,NA,39
"162","FEMALE",128,90,"CT","TT","TC","CT","CC","AA","TT","CC","TT","CT","TT",29
"163","FEMALE",184,96,"TT","AT","CC",NA,"CT","AG","AA","CT","TT","TT","TT",29
"164","MALE",143,69,"TT","AT","CC","CT","CC","AA","TT","CC","TT","TT","TT",32
"165","FEMALE",133,73,"TT","AT","CC","CT","CT","AG","AT","CT",NA,"CT","TT",38
"166","FEMALE",106,66,"CC","TT","CC","CT","CC","AG","AT","CT","CT","CC","CT",51
"167","FEMALE",167,94,"CT","TT","TC","CT","CC","AA","TT","CC","TT","CC","TT",22
"168","MALE",148,96,"CT","TT","CC","CC","CC","AA","TT","CC","TT","TT","CT",37
"169","FEMALE",127,78,"CT","TT","TC","CT","CC","AA","TT","CC","TT","CC","TT",41
"170","FEMALE",143,86,"CT","TT","CC","CC","CC","AA","AT","CT","CT","CT","CT",42
"171","FEMALE",179,78,"CT","TT","TC","CT","CC","AG","AT","CC","TT","TT","TT",29
"172","MALE",134,81,"CT","TT","TC","CT","CC","AG","AT","CT","CT","CC","TT",27
"173","FEMALE",159,81,"CT","AT","TC","TT",NA,"AG","AT","CT","CT","CC","TT",37
"174","FEMALE",155,85,"CT","TT","CC","CC","CC",NA,"TT","CC","TT","TT","CT",45
"175","FEMALE",90,50,"TT","TT","CC","CC","CC","AA","TT","CC","TT","CC","TT",24
"176","FEMALE",201,81,"CT","TT","CC","CC","CC","AA","TT","CC","TT","CT","CT",27
"177","FEMALE",147,79,"CT","TT","TC","CT","CC","AG","TT","CC","TT","CT","TT",22
"178","MALE",144,84,"CT","TT","CC","CC","CC","AA","TT","CC","TT","TT","CT",24
"179","FEMALE",112,80,"CT","AT","CC","CT","CT","AG","TT","CC","TT","TT","CT",34
"180","MALE",128,87,"TT","AT","CC","CT","CC","AA","TT","CC","TT",NA,"TT",32
"181","MALE",127,84,"TT","TT","CC","CC","CC","AA","TT","CC","TT","CC","TT",32
"182","MALE",136,89,"CT","TT","CC","CC","CC","AA","TT","CC","TT","TT","CT",26
"183","FEMALE",132,93,"CC","TT","TT","TT","CC","AG","AT","CT","TT","CC","TT",28
"184","MALE",167,89,"CT","TT","TC","CT","CC","AG","TT","CC","TT","TT","TT",29
"185","MALE",138,87,"CT","TT","TC","CT","CC",NA,"AT","CC","TT","TT","TT",33
"186","MALE",132,84,"CT","AT","TC","TT",NA,"AG","AT","CT","CT","CC","TT",44
"187","MALE",174,101,"CC","TT","TC",NA,"CC","AG","TT","CC","TT","CT","CT",26
"188","FEMALE",139,83,"TT","TT","CC","CC","CC","AA","TT","CC","TT","CC","TT",29
"189","FEMALE",101,59,"TT","AT","CC","CT","CT","AG","TT","CC","TT","TT","TT",22
"190","FEMALE",149,87,"TT","TT","CC","CC","CC","AA","AT","CC","TT","CT","TT",30
"191","FEMALE",119,71,"CT","AT","TC","TT",NA,"AG","AT","CT","TT","CC","TT",24
"192","MALE",128,77,"TT","TT","CC","CC","CC","AA","TT","CC","TT","CC","TT",28
"193","MALE",121,69,"TT",NA,NA,"CC","CC","AA","TT","CC",NA,NA,"TT",28
"194","FEMALE",183,95,"CT","TT","CC","CC","CC","AA","TT","CC","TT","CC","CT",27
"195","MALE",144,98,"CT","TT",NA,"CC","CC",NA,"TT","CC",NA,"CT","CT",49
"196","FEMALE",158,89,"CT","TT","TC","CT","CC","AA","TT","CC","TT","CT","TT",30
"197","MALE",147,90,"CT","TT","CC","CC","CC","AG","AT","CT","CT","CT","CT",25
"198","FEMALE",132,80,"CC","TT","TT","TT","CC","AA","TT","CC","TT","CC","TT",26
"199","MALE",109,78,"CT","TT","TC","CT","CC","AG","AA","CC","TT","TT","TT",30
"200","FEMALE",139,88,"TT","TT","CC","CC","CC","AA",NA,"CC","TT","TT","TT",24
"201","FEMALE",165,92,"CT","TT","TC","CT","CC","AA","TT","CC","TT","CT","TT",27
"202","MALE",158,83,"TT","TT","CC","CC","CC","AA","TT","CC","TT","CC","TT",36
"203","FEMALE",164,69,"TT","TT","CC","CC","CC","AA","TT","CC","TT","CT","TT",31
"204","MALE",141,88,"TT","AT","CC","CT","CC","AA","TT","CC","TT","CC","TT",35
"205","FEMALE",141,70,"TT","TT","CC","CC","CC","AA","TT","CC","TT","CT","TT",25
"206","MALE",132,79,"TT","AT","CC","CT","CT","AG","TT","CC","TT","TT","TT",25
"207","MALE",160,77,"CT","TT","TC","CT","CC","AA","TT","CC","TT","CC","TT",23
"208","MALE",98,61,"TT","TT","CC","CC","CC","AA","TT","CC","TT","TT","TT",36
"209","MALE",115,78,"CT","TT","TC","CT","CC",NA,"AT","CC","TT","CT","TT",22
"210","MALE",153,75,"TT","TT","CC","CT","CT","AA","TT","CC","TT","CT","TT",22
"211","FEMALE",146,84,"CT","TT","CC","CC","CC","GG","AA","TT","CC","CC","CT",31
"212","MALE",140,91,"CT","TT","CC","CC","CC","AA","TT","CC","TT","TT","CT",23
"213","MALE",147,89,"TT","TT","CC","CC","CC","AA","TT","CC","TT","CT","TT",25
"214","FEMALE",173,111,"TT","TT","CC","CC","CC","AA","AT","CT","CT","CT","TT",28
"215","MALE",152,89,"TT","AT","CC","CT","CT","AG","TT","CC","TT","TT","TT",25
"216","FEMALE",136,76,"CT","TT","CC","CC","CC","AA","TT","CC","TT","TT","CT",26
"217","FEMALE",141,79,"TT","AT","CC","CT","CC","AA","TT","CC","TT","CT","TT",41
"218","FEMALE",128,76,"CT","TT","TC","CT","CC","AG","AT","CT","TT","CT","TT",27
"219","FEMALE",139,74,"CT","TT","CC","CC","CC","AA","TT","CC","TT","CC","CT",20
"220","MALE",163,94,"CT","TT","CC","CC","CC","AA","TT",NA,"TT","CC","CT",28
"221","FEMALE",177,91,"CT","AT","TC","TT",NA,"GG","AA","CT","CT","CT","TT",31
"222","FEMALE",139,91,"TT","TT","CC","CC","CC","AA","TT","CC","TT","CC","TT",44
"223","FEMALE",162,71,"TT","AT","CC","CT","CT","AG","AT","CT","CT","CC","TT",24
"224","FEMALE",117,77,"CC","TT","TC","CT","CC","AA","TT","CC","TT","TT","CT",27
"225","FEMALE",159,85,"TT","AT","CC","CT","CT","AG","AT","CT","CT","CC","TT",29
"226","FEMALE",156,89,"CT","TT","TC","CT","CC","AG","TT","CC","TT","CT","TT",28
"227","MALE",151,103,"CC","TT","TC","CT","CC","AA","TT","CC","TT","CC","CT",22
"228","MALE",142,67,NA,NA,NA,NA,NA,NA,NA,NA,NA,NA,NA,24
"229","MALE",151,49,"CC","TT","TC","CT","CC","AA","TT","CC","TT","CT","CT",31
"230","MALE",152,78,"CC","TT","TT","TT","CC","GG","TT","CC","TT","CC","TT",34
"231","FEMALE",149,72,"CC","TT","TC","CT","CC","AG","AT","CC","TT","TT","CT",35
"232","MALE",155,100,"CT","TT","TC",NA,"CC","AG","AT","CT","CT","CC","TT",24
"233","MALE",140,83,"CT","TT","TC","CT","CC","AA","TT","CC","TT","CT","TT",27
"234","MALE",150,80,"CT","AT","CC","CT","CT","AG","AT","CT","CT","CC","CT",25
"235","MALE",146,82,"CT","TT","TC","TT","CC","AA","TT","CC","TT","TT","TT",43
"236","FEMALE",134,83,"TT","TT","CC",NA,"CC","AA","TT","CC","TT","CT","TT",30
"237","FEMALE",123,80,"TT","TT","CC","CT","CC","AA","TT","CC","TT","CT","TT",31
"238","FEMALE",143,67,"CT","TT","CC","CC","CC","AA","AT","CC","CT","CT",NA,24
"239","MALE",182,92,"TT","AT","CC","CT","CT","AG","TT","CC","TT","TT","TT",27
"240","FEMALE",118,101,"TT","TT","CC","CC","CC","AG","TT","CC","TT","TT","TT",29
"241","FEMALE",157,101,"TT","TT","CC",NA,"CC",NA,"TT","CC","TT","CT","TT",24
"242","MALE",116,76,"TT","TT","CC","CC","CC","AA","TT","CC","TT","CC","TT",33
"243","FEMALE",159,84,"CT","AT","TC","TT",NA,"AG","TT","CC","TT","CT","TT",35
"244","FEMALE",149,103,"CT","AT","TC","TT","CC","AG","TT","CC","TT","TT","TT",28
"245","FEMALE",143,94,"TT","TT","CC","CC","CC","AA","TT","CC","TT","CC","TT",50
"246","FEMALE",140,75,"TT","AT","CC",NA,"CT","AA","AT","CT","CT","CC","TT",26
"247","MALE",158,67,"CT","AT","TC","TT",NA,"GG","AT","CT","CT","CT","TT",27
"248","MALE",202,111,"CT","TT",NA,"CC","CC","AA","AA","CT","CT","CC","CT",46
"249","MALE",141,84,"CT","AT","CC","CT","CC","AA","TT","CC","TT","CC","CT",28
"250","FEMALE",190,83,"CC","TT","TC",NA,"CC","AA","AT","CT","CT","CC","CT",26
"251","MALE",126,79,"TT","AT","CC","CT","CT","AG","AT","CT","CT","CT","TT",31
"252","MALE",146,90,"TT","TT","CC","CT","CT","AA","TT","CC","TT","CT","TT",36
"253","FEMALE",161,91,"CT","TT","TC","CT","CC","AA","TT","CC","TT","TT","TT",23
"254","MALE",148,94,"CT","AT","CC","CT","CT","AG","AA","CT","CT","CC","CT",27
"255","FEMALE",181,98,"TT",NA,"TC",NA,"CC","AA",NA,"CC","CT",NA,NA,24
"256","FEMALE",151,77,"TT","TT","CC","CT","CC","AA","TT","CC","TT","CT","TT",41
"257","FEMALE",146,79,"CT","TT","CC","CC","CC","AA","AT","CT","CT","CT","CT",25
"258","MALE",176,107,"CT","TT","TC","CT","CC","GG","AA","CT","CT","TT","TT",38
"259","FEMALE",153,88,"TT","AT","CC","CT",NA,"AG","AT","CT","CT","CC","TT",28
"260","MALE",120,77,"CT","TT",NA,"CC","CC","AA","TT","CC","TT","TT","CT",27
"261","MALE",173,87,"TT","TT","CC",NA,"CC","AA","AT","CC","TT","CT","TT",25
"262","FEMALE",130,71,"CT","AT","TC","TT","CT","AG","TT","CC","TT","CC","TT",29
"263","MALE",141,87,"CT","TT","CC",NA,"CC","AG","AT","CC","TT","TT","CT",28
"264","MALE",139,83,"CT","TT","CC","CC","CC","AA","TT","CC","TT","CT","CT",33
"265","MALE",171,80,"CT","TT","CC","CC","CC","AA","TT","CC","TT","CT","CT",32
"266","FEMALE",167,95,"CT","AT","CC","CT","CC","AA","TT","CC","TT","CC","CT",30
"267","MALE",111,81,"TT","TT","CC","CC",NA,"AA","TT","CC","TT","CT","TT",49
"268","MALE",141,75,"TT","TT","CC","CC","CC","AA","TT","CC","TT","TT","TT",32
"269","FEMALE",141,85,"TT","AT","CC","CT",NA,"AG","TT","CC","TT","CT","TT",30
"270","FEMALE",142,90,"CT","TT","TC","CT","CC","AA","TT","CC","TT","CC","TT",30
"271","FEMALE",132,72,"TT","AT","CC","CT","CT","AG","AT","CT","TT","CT","TT",30
"272","MALE",121,100,"CC","TT","TC","CT","CC","AG","AT","CT","CT","CC","CT",26
"273","MALE",132,85,"TT","TT","CC","CC","CC",NA,"TT","CC","TT","CT","TT",31
"274","FEMALE",158,88,"CC","TT","TC","CT","CC",NA,"TT","CC","TT","TT","CT",46
"275","FEMALE",113,53,"TT","TT","CC","CC","CC","AA","TT","CC","TT","CT","TT",20
"276","MALE",134,80,"CT","TT","CC",NA,"CC","AG","AT","CC","CT","CT","CC",33
"277","MALE",137,77,"TT","TT","CC","CC","CC","AA","TT","CC","TT","CC","TT",45
"278","MALE",147,93,"TT","AT","CC","CT","CC","AA","AT",NA,"TT","CT","TT",33
"279","FEMALE",149,86,"CT","TT","CC","CC","CC","AA","TT","CC","TT","TT","CT",24
"280","FEMALE",146,79,"CT","AT","TC","TT","CC","GG","AT","CT","TT","CT","TT",30
"281","MALE",158,79,"CT","TT","TC","CT","CC","AA","AT","CC","TT","CC","TT",37
"282","FEMALE",140,77,"TT","TT","CC","CC","CC","AA","TT","CC","TT","CT","TT",27
"283","FEMALE",201,102,"CT","AT","TC","TT",NA,"AG","AT","CT","CT","CT","TT",27
"284","FEMALE",141,65,"CT",NA,"TC","TT",NA,"AG","AT","CT","CT","CC","TT",30
"285","FEMALE",144,84,"TT","TT","CC","CC","CC","AA","TT","CC","TT","CT","TT",28
"286","FEMALE",121,78,"TT","TT","CC","CC","CC","AA","AA","CC","TT","CT","TT",24
"287","MALE",119,80,"CC","TT","TC","CT","CC","AG","AT","CC","TT","TT","CT",30
"288","FEMALE",138,71,"TT","AT","CC","CT","CT","AG","TT","CC","TT","TT","TT",30
"289","MALE",138,94,"TT","TT","CC","CC","CC","AA","TT","CC","TT","CC","TT",24
"290","FEMALE",199,106,"CT","AT","TC","TT",NA,"GG","AA","CT","CT","CC","TT",31
"291","FEMALE",126,85,"CT","TT","TC","CT","CC","AG","TT","CC","TT","TT","TT",39
"292","MALE",125,76,"TT","TT","CC",NA,"CC","AA","TT","CC","TT","CT","TT",37
"293","MALE",131,90,"CT","TT",NA,"CT","CC","AA","TT","CC","TT","CT","TT",23
"294","FEMALE",132,83,"TT","AA","CC","TT","TT","GG","AT","CT","TT","CT","TT",29
"295","FEMALE",122,88,"TT","AT","CC","CT","CT","AG","AA","CT","CT","CT","TT",33
"296","MALE",122,80,"TT","TT","CC","CC","CC","AA","TT","CC","TT","CC","TT",24
"297","MALE",111,73,"TT","TT","CC","CC","CC",NA,"TT","CC","TT","CT","TT",38
"298","FEMALE",168,103,"CT","TT","CC",NA,"CC","AA","TT","CC","TT","CT","CT",22
"299","FEMALE",110,82,"CC","TT","TC","CT","CC","AA","TT","CC","TT","CC","CT",32
"300","MALE",101,74,"CT","TT","TC","CT",NA,"AA","AT","CT","CT","CT","TT",31
"301","MALE",161,72,"CT","AT","TC","TT",NA,"AG","AT","CT","CT","CT","TT",30
"302","FEMALE",173,83,"CC","TT","TC","CT","CC","AG","AT","CC","TT","CT","CT",21
"303","FEMALE",151,83,"TT","TT","CC","CC","CC","AA","AT","CC","TT","CT","TT",25
"304","MALE",151,81,"TT","TT","CC",NA,"CC","AA","TT","CC","TT","CC","TT",18
"305","FEMALE",125,90,"TT","TT","CC","CC","CC","AA","TT","CC","TT","CT","TT",25
"306","FEMALE",143,82,"CT","TT","CC","CC","CC","AA","TT","CC","TT","CT","CT",27
"307","MALE",128,76,"TT","TT","CC","CC","CC","AA","TT","CC","TT","CT","TT",25
"308","MALE",168,87,"TT","AT","CC","CT","CC","AA","TT","CC","TT","CC","TT",37
"309","MALE",131,83,"CT","TT","TC",NA,"CC","AG","AT","CT","CT","CC","TT",22
"310","MALE",108,64,"CT","TT","CC","CC","CC","AA","TT","CC","TT","CT","CT",32
"311","FEMALE",146,83,"TT","AT","CC","CT","CT","AG","AA","TT","CC","CT","TT",32
"312","FEMALE",120,85,"TT","AT","CC","CT","CC","AG","AT","CT","CT","CT","TT",27
"313","FEMALE",164,90,"TT","AT","CC","CT","CT","AG","AA","CT","TT","CC","TT",36
"314","MALE",129,93,"TT","AT","CC","CT",NA,"AA","AT","CT","CT","CC","TT",25
"315","FEMALE",129,97,"TT","AT","CC","CT","CT","AG","AT","CT","CT","CC","TT",33
"316","FEMALE",138,86,"TT","TT","CC","CC","CC",NA,"TT","CC","TT","CT","TT",27
"317","MALE",136,84,"CC","TT","TC","CT","CC","AG","AT","CC","TT","CC","CT",31
"318","FEMALE",133,90,"TT","AT","CC","CT","CT","AG","AT","CT","TT","CT","TT",35
"319","FEMALE",124,90,"CT","TT","TC","CT","CC","AG","AT","CT","CT","CC","TT",45
"320","MALE",140,95,"TT","AT","CC","CT","CT","AG","AT","CT","CT","TT","TT",33
"321","MALE",167,89,"CC","TT","TT","TT","CC","GG","AA","TT","TT","CC","TT",41
"322","FEMALE",141,90,"CT","TT",NA,"CC","CC","AA","TT","CC","TT","CC","CT",34
"323","FEMALE",150,98,"CT","TT","CC","CC","CC","AA","TT","CC","TT","CT","CT",24
"324","MALE",149,96,"CT","AT","TC","TT",NA,"GG","AA","TT","CC","CC","TT",30
"325","MALE",151,75,"TT","TT","CC","CC","CC","AA","TT","CC","TT","CC","TT",24
"326","FEMALE",140,92,"TT","AT","CC","CT","CT","AG","AT","CT","CT","TT","TT",40
"327","FEMALE",125,56,"CC","TT","TC","CT","CC","AG","AT","CT","CT","CT","CT",20
"328","MALE",121,73,"TT","TT","CC","CC","CC","AA","TT","CC","TT","CT","TT",30
"329","MALE",164,84,"TT","TT","CC","CC","CC","AA","TT","CC","TT","CT","TT",34
"330","MALE",121,80,"CC","TT","CC","CC","CC","AG","AA","TT","CC","CC","CC",35
"331","FEMALE",157,108,"CC","AT","TT","TT","CC","AG","TT","CC","TT","TT","TT",45
"332","MALE",158,110,"CT","TT","TC","CT","CC","AG","TT","CC","TT","TT","TT",28
"333","MALE",128,79,"TT","AT","CC","CT","CC","AG","AT","CC","TT","CC","TT",30
"334","MALE",132,84,"TT","AT","CC","CT","CC","AA","TT","CC","TT",NA,"TT",30
"335","FEMALE",141,83,"CC","TT","TT","TT","CC",NA,"AA","CC","TT","CT","TT",39
"336","FEMALE",121,75,"TT","AA","CC","TT","TT","GG","AT","CT","TT","CT","TT",27
"337","MALE",148,89,"TT","TT","CC","CC","CC","AA","TT","CC","TT","CT","TT",24
"338","MALE",147,82,"CC","TT","TC","CT","CC","AG","AT","CC","TT","TT","CT",27
"339","FEMALE",141,90,"CT","TT","TC","CT","CC","AG","TT","CC","TT","CT","TT",30
"340","FEMALE",157,82,"TT","AT","CC","CT","CT","AG","AT","CT","CT","TT","TT",23
"341","FEMALE",150,89,"CC","TT","TC","CT","CC","AA","TT","CC","TT","TT","CT",22
"342","MALE",120,48,"CT","TT","CC","CC","CC","AA","AT","CC","TT","TT","CT",39
"343","FEMALE",180,111,"CT","TT","TC","CT","CC","AA","AT","CC","TT","TT","TT",31
"344","MALE",143,88,"CT","TT","CC",NA,"CC","AG","AT","CC","TT","TT","CT",34
"345","MALE",166,110,"CC","TT","TC","CT","CC","AA","AT","CT","CT","CT","CT",32
"346","MALE",118,70,"TT","TT","CC","CC","CC","AA","TT","CC","TT","CT","TT",23
"347","FEMALE",120,77,"CT","TT","CC","CC","CC","AA","TT","CC","TT","CT","CT",26
"348","FEMALE",170,101,"CC","TT","TT","TT","CC","GG","AT","CC","TT","CT","TT",42
"349","FEMALE",146,85,"CT","TT","CC","CC","CC","AA","AT","CT","CT","CC","CT",29
"350","FEMALE",135,98,"CT","TT","CC","CC","CC","AA","TT","CC","TT","CT","CT",28
"351","FEMALE",145,63,"CT","TT","TC","CT","CC","AA","TT","CC","TT","CT","TT",34
"352","FEMALE",150,88,"CT","AT","CC","CT","CT","AG","AT","CT","CT","CT",NA,32
"353","MALE",152,81,"CC","TT","TC",NA,"CC","AA","TT","CC","TT",NA,"CT",31
"354","MALE",145,94,"CT","TT","TC","CT","CC","AA","AT","CT","CT","CC","TT",38
"355","MALE",142,88,"CT","TT","TC","CT","CC","AG","TT","CC","TT","CC","TT",43
"356","MALE",135,82,"CC","TT","TC","CT","CC",NA,"AT","CC","TT","CT","CT",35
"357","MALE",145,87,"TT","AT","CC",NA,"CT","AG","TT","CC","TT","CT","TT",31
"358","FEMALE",144,94,"TT","AT","CC","CT","CT","AG","AA","CT","TT","CT","TT",43
"359","FEMALE",145,82,"TT","TT","CC","CC","CC","AA","TT","CC","TT","CT","TT",24
"360","MALE",152,91,"TT","TT","CC","CC","CC","AA","TT","CC","TT","CT","TT",21
"361","FEMALE",146,90,"CT","AT","TC","CT","CC","AA","TT","CC","TT","CT","TT",22
"362","FEMALE",148,81,"TT","TT","CC","CC","CC","AA","TT","CC","TT","CT","TT",26
"363","FEMALE",120,86,"CT","AT","TC","TT","CC","AG","AT","CC","TT","CC","TT",31
"364","MALE",132,86,"TT","AT","CC","CT","CT","AG","AA","CT","CT","CT","TT",39
"365","MALE",141,81,"CT","AT","TC","TT",NA,"AG","AT","CT","TT","CC","TT",28
"366","MALE",145,85,"CT","TT","TC","CT","CC","AA","TT","CC","TT","CC","TT",33
"367","FEMALE",159,96,"CT",NA,"TC","CT","CC","AG","TT","CC",NA,"CC","TT",40
"368","MALE",97,60,"CT","TT","CC",NA,"CC","AA","TT","CC","TT","CT","CT",24
"369","FEMALE",187,92,"TT","TT","CC","CC","CC","AA","TT","CC","TT","CC","TT",24
"370","MALE",140,92,"CT","TT","CC","CC","CC","AA","TT","CC","TT","TT","CT",31
"371","MALE",130,83,"CT","TT","CC","CC","CC","AA","TT","CC","TT",NA,"CT",28
"372","MALE",113,87,"CT","TT","TC","CT","CC","AA","AT","CC","TT","CT","TT",27
"373","FEMALE",169,70,"TT","TT","CC",NA,"CC",NA,"TT","CC","TT","CT","TT",28
"374","MALE",162,72,"CC","TT","TT","TT","CC","GG","AA","TT","TT","CC","TT",29
"375","FEMALE",155,72,"TT","TT","CC","CC","CC","AA","TT","CC","TT","CT","TT",26
"376","MALE",129,90,"TT","TT","CC","CC","CC","AA","TT","CC","TT","CT","CC",32
"377","MALE",141,91,"TT","TT","CC","CC","CC","AA","TT","CC","TT","CT","TT",28
"378","MALE",142,77,"CT",NA,"TC","CT","CC","AA","TT","CC",NA,NA,"TT",40
"379","MALE",150,80,"CT","TT","TC","CT","CC","AG","AT","CC","TT","CC","TT",25
"380","MALE",181,94,"TT","TT","CC","CC","CC","AA","TT","CC","TT","CT","TT",32
"381","FEMALE",131,60,"TT","TT","CC","CC","CC","AA","TT","CC","TT","CT","TT",38
"382","MALE",121,76,"CC","TT","TC",NA,"CC","AG","TT","CC","TT","TT","CT",38
"383","MALE",134,86,"CT","AT","TC","TT",NA,"GG","AT","CT","CT","CT","TT",34
"384","MALE",174,88,"TT","TT","CC","CC","CC","AA","TT","CC",NA,"TT","TT",28
"385","FEMALE",103,83,"CC","TT","CC","CC","CC","AA","TT","CC","TT","TT","CC",28
"386","MALE",152,94,"CT","TT","CC",NA,"CC","AA","AT","CC","CT","CC","CT",28
"387","FEMALE",139,87,"TT","TT","CC","CC","CC","AA","TT","CC","TT","CC","TT",35
"388","FEMALE",106,51,"CC","TT","CC","CC","CC","AA","TT","CC","TT",NA,"CC",34
"389","MALE",128,82,"CC","TT","CC","CC","CC","AA","TT","CC","TT","TT","CC",31
"390","MALE",142,79,"CC","AT","TC","TT","CC","GG","AA","TT","TT","CC","TT",45
"391","FEMALE",126,67,"TT","AT","CC","CT","CC","AA","TT","CC","TT","CT","TT",21
"392","FEMALE",135,81,"CC","TT","TC","CT","CC","AG","AT","CT","CT","TT","CT",27
"393","MALE",151,80,"TT","AT","CC","CT",NA,"GG","AT","CC","TT","TT","TT",32
"394","MALE",127,71,"TT","TT","CC",NA,"CC",NA,NA,"CC","TT","CT","TT",36
"395","MALE",122,78,"TT","AT","CC","CT",NA,NA,"AT","CT","CT","CC","TT",26
"396","FEMALE",155,60,"CT","TT","TC","CT","CC","AG","AT","CC","TT","CT","TT",23
"397","FEMALE",137,70,"TT","TT","CC","CC","CC","AA","TT","CC","TT","CT","TT",20
"398","FEMALE",130,91,"CT","AT","TC","TT",NA,"AG","AT","CT","TT","CT","TT",38
"399","MALE",133,89,"TT","AT","CC","CT","CT","AA","AA",NA,"CC","CC","TT",39
"400","FEMALE",113,68,"CT","TT","CC","CC","CC","AA","TT","CC","TT","TT","CT",24
"401","MALE",124,89,"CC","TT","TC","CT","CC","AG","TT","CC","TT","TT","CT",33
"402","FEMALE",129,80,"CT","TT","TC","CT","CC","AG","AT","CC","TT","CT","TT",34
"403","MALE",176,81,"TT","TT","CC","CC","CC","AA","AT","CC","TT","CT","TT",26
"404","FEMALE",162,68,"TT","AA","CC","TT","CT","AG","AT","CT","CT","CC","TT",20
"405","MALE",142,91,"CC","TT","CC","CC","CC","AA","AT","CT","CT","CT","CC",26
"406","MALE",122,73,"TT","TT","CC","CC","CC","AA","TT","CC","TT","CC","TT",26
"407","FEMALE",170,100,"TT","TT","CC","CC","CT",NA,"AT","CT","CT","CC","TT",44
"408","MALE",127,80,"CT","AT",NA,"TT",NA,NA,"AT","CT",NA,"CT",NA,28
"409","FEMALE",143,70,"TT","AT","CC","CT","CT","AG","AT","CC","TT","CT","TT",33
"410","MALE",128,91,"TT","AT","CC","CT",NA,"AG","AT","CT","CT","CC","TT",29
"411","MALE",157,82,"TT",NA,"CC","CT","CT",NA,"AA","CT","CT","CT","TT",22
"412","MALE",137,72,"CT","TT","TC","CT","CC","AA","TT","CC","TT","TT","TT",25
"413","FEMALE",145,86,"TT","TT","CC","CC","CC","AA","TT","CC","TT","CC","TT",36
"414","MALE",156,80,"CT","TT","TC","CT","CC","AG","AT","CC","TT","CT","TT",27
"415","MALE",120,89,"TT","AA","CC","TT",NA,"AG","AT","CC","TT","CT","TT",29
"416","MALE",150,109,"TT","TT","CC","CC","CC","AA","TT","CC","TT","TT","TT",23
"417","FEMALE",162,80,"CC","TT","CC","CC","CC","AA","TT","CC","TT","TT","CC",32
"418","MALE",141,82,"CC","TT","TT","TT","CC","AG","AT","CC","TT","CT","TT",32
"419","FEMALE",177,91,"CT","TT","CC","CC","CC","AA","TT","CC","TT","TT","CT",20
"420","MALE",162,78,"CT","TT","TC","CT","CC","AG","AT","CT","CT","CT","TT",25
"421","MALE",108,60,"CT","AT","TC","TT","CC","AA","TT","CC",NA,"TT","TT",24
"422","MALE",161,69,"CT","AT","TC","TT",NA,"GG","AT","CT","TT","CC","TT",29
"423","FEMALE",139,87,"CT","TT","CC","CC","CC","AA","TT","CC","TT","CT","CT",41
"424","MALE",133,60,"CT","TT","CC","CC","CC","AA","AT","CT","CT","CT","CT",28
"425","MALE",150,88,"TT","AT","TC","CT","CC","AA","TT","CC","TT","TT","TT",23
"426","MALE",128,89,"TT","AT","CC","CT","CT","AG","TT","CC","TT","CT","TT",28
"427","FEMALE",147,84,"TT","AT","CC","CT","CT","AG","AT","CT","CT","CC","TT",29
"428","MALE",120,81,"TT","AA","CC","TT",NA,"AG","TT","CC","TT","CT","TT",28
"429","FEMALE",129,75,"CT","AT","TC","TT","CT","AG","TT","CC","TT","TT","TT",31
"430","FEMALE",166,107,"CT","TT","TC","TT","CC","AA","TT","CC","TT","CT","TT",30
"431","FEMALE",140,62,"CT","AT","CC","CT","CC","AA","TT","CC","TT","TT","CT",25
"432","FEMALE",140,82,"CC","TT","TC","CT","CC","AA","TT","CC","TT","TT","CT",22
"433","MALE",125,68,"CT","AT","CC","CT","CC","AA","TT","CC","TT","TT","CT",30
"434","MALE",145,84,"CT","TT","TC","CT","CC","AG","AT","CC","TT","CC","TT",37
"435","MALE",132,93,"TT","AT","CC","CT","CT","AA","AT","CT","CT","CC","TT",31
"436","FEMALE",152,81,"CC","TT","TC","CT","CC","AG","AT","CT","CT","CT","CT",26
"437","MALE",197,80,"CT","TT",NA,"CC",NA,NA,"AT","CC","TT","TT","CT",27
"438","FEMALE",140,79,"CT","AT","CC","CT","CT","AG","AT","CT","CT","CC","TT",24
"439","MALE",135,64,"TT","AA","CC","TT","CC","AA","TT","CC","TT","CC","TT",37
"440","MALE",186,86,"CT","AA","TC","TT","CC","AG","TT","CC","TT","TT","TT",22
"441","FEMALE",162,82,"TT","TT","CC","CC","CC","AA","TT","CC","TT","CC","TT",33
"442","FEMALE",139,85,"CT","TT","TC","CT","CC","AA",NA,"CC","TT",NA,"TT",28
"443","FEMALE",122,81,"TT","AT","CC","CT","CC","AA","TT","CC","TT","CT","TT",21
"444","FEMALE",125,71,"TT","TT","CC","CC","CC","AG","AT","CT","CT","CC","TT",33
"445","FEMALE",129,87,"CC","TT","TC","CT","CC","AA","AT","CT","CT","CC","CT",29
"446","MALE",131,94,"TT","AT","CC","CT","CT","AG","AT","CT","CT","CC","TT",42
"447","MALE",121,73,"CT","TT","CC","CC","CC","AA","AT","CC","TT","CT","CT",27
"448","MALE",159,87,"CC","TT","TC","CC","CC","AA","TT","CC","TT","CT","CT",41
"449","FEMALE",135,80,"TT","TT","CC","CC","CC","AA","AA","TT","CC","CT","TT",49
"450","MALE",139,89,"CT","TT","TC","CT","CC","AA","TT","CC","TT","CC","TT",30
"451","FEMALE",142,70,"CT","TT","CC","CC","CC","AA","AT","CC","TT","CT","CT",37
"452","FEMALE",139,83,"TT","AT","CC","CT","CT","AG","AT","CT","CT","CT","TT",46
"453","FEMALE",105,71,"TT","TT","CC","CC","CC","AA","TT","CC","TT","CT","TT",29
"454","MALE",160,79,"CT","AT","TC","TT","CC",NA,"AT","CT","CT","CT","TT",29
"455","MALE",157,99,"CT","TT","CC","CC","CC","AA","TT","CC","TT","TT","CT",34
"456","MALE",165,100,"CT","TT","CC","CC","CC",NA,"TT","CC",NA,"CT","CT",36
"457","MALE",154,88,"TT","TT","CC","CC","CC","AA","TT","CC","TT","TT","TT",26
"458","FEMALE",148,100,"TT","AT","CC","CT","CT","AG","AT","CT","CT","CC","TT",40
"459","FEMALE",132,89,"CT","AT","CC","CC","CT","AG","AT","CT","CT","CT","CT",36
"460","MALE",110,77,"CT","TT","TC","CT","CC","AA","AT","CC","TT","CC","TT",39
"461","MALE",129,82,"CT","TT","TC","CT","CC","AG","TT","CC","TT","TT","TT",28
"462","FEMALE",183,59,"TT","TT","CC","CC","CC","AA","TT","CC","TT","CT","TT",32
"463","FEMALE",129,72,"CT","TT",NA,"CT","CC","AG","AT","CT","CT","CC","TT",22
"464","FEMALE",167,85,"TT","TT","CC","CC","CC","AA","TT","CC","TT","CT","TT",24
"465","FEMALE",147,80,"TT","TT","CC","CC","CC","AA","TT","CC","TT","CT","TT",22
"466","MALE",128,70,"CT","AT","TC","TT",NA,"GG","AA","CT","CT","CT","TT",23
"467","MALE",108,72,"CT","AT","CC","CT","CC","AA","TT","CC","TT","CC","CT",31
"468","MALE",151,79,"TT","TT","CC","CC","CC","AA","TT","CC","TT","CT","TT",26
"469","FEMALE",160,89,"TT",NA,"CC",NA,"CT","AG","TT","CC","TT","CC","TT",26
"470","FEMALE",131,80,"CT","TT","TC","CT","CC","AG","AT","CC","TT","CT","TT",21
"471","MALE",119,83,"TT","AT","CC","CT","CT",NA,"AT","CT","CT","CC",NA,31
"472","FEMALE",112,47,"CT","AT",NA,"CT","CT","AG","AT","CT","CT","CC","CT",21
"473","FEMALE",144,83,"CT","TT","CC","CC","CC","AG","AT","CT","CT","CT","CT",30
"474","MALE",114,61,"TT","TT","CC","CC","CC","AA","TT","CC","TT","CT","TT",24
"475","MALE",149,68,"TT","TT","CC","CC","CC","AA","TT","CC","TT","CT","TT",29
"476","MALE",151,64,"CT","TT",NA,"CC","CC","AG","AT","CT","CT","CT","CT",32
"477","FEMALE",134,80,"TT","TT","CC","CC","CC","AA","TT","CC","TT","CC","TT",33
"478","MALE",134,71,"TT","AT","CC","CT","CC","AA","TT","CC","TT","CT","TT",22
"479","MALE",152,88,"CC","TT","TT","TT","CC","AG","TT","CC","TT","CT","TT",25
"480","FEMALE",139,86,"CC","TT","TC","CT","CC","AG","AT","CT","CT","CT","CT",33
"481","FEMALE",174,70,"CT","TT","CC","CC","CC","AA","TT","CC","TT","CT","TT",25
"482","MALE",170,105,"TT","AA","CC","TT","TT","GG","AT","CT","TT","CT","TT",37
"483","MALE",110,75,"CT","AT","CC","CT","CT","AG","AT","CT","CT","CT","CT",25
"484","MALE",150,80,"CT","TT","CC","CC","CC","AA","TT","CC","TT","CT","CT",24
"485","MALE",123,83,"CT","TT","TC","CT","CC",NA,"AT","CC","TT","TT","TT",25
"486","MALE",132,76,"TT","AT","CC",NA,"CC","AG","AT","CT","CT","CC","TT",16
"487","MALE",130,75,"CT","AT","CC","CT","CT","GG","AT","CC","TT","TT","CT",24
"488","FEMALE",122,81,"CT","TT","TC","CT","CC","AA","TT","CC","TT","CT","TT",25
"489","MALE",119,77,"TT","AT","CC","CT","CT","AG","AT","CT","CT","CT","TT",32
"490","MALE",154,98,"TT","AT","CC","CT","CT","AG","TT","CC","TT","CT","TT",30
"491","FEMALE",138,82,"CT","TT","CC","CC","CC","AA","AT","CC","CT","CT","CT",42
"492","FEMALE",147,94,"TT","AA","CC","TT","CT","AG","TT","CC","TT","CT","TT",29
"493","FEMALE",196,94,"TT","TT","CC","CC","CC","AA","TT","CC","TT","CC","TT",29
"494","FEMALE",118,79,"CT","TT","CC","CC","CC","AG","AT","CC","TT","TT","CT",27
"495","MALE",121,71,"CC","TT","TC","CT","CC","AA","TT","CC","TT","CT","CT",25
"496","FEMALE",163,69,"TT","TT","CC","CC","CC","AA","AA","CC","TT","TT","TT",30
"497","MALE",138,91,"CT","TT","TC",NA,"CC","AA","TT","CC","TT","CT","TT",26
"498","MALE",159,91,"CC","TT","TT","TT","CC","AG","TT","CC","TT","CT","TT",33
"499","MALE",146,80,"TT","TT",NA,"CC","CC",NA,"TT","CC",NA,"CT","TT",34
"500","FEMALE",175,96,"TT","TT","CC","CC","CC","AA","TT","CC","TT","TT","TT",42
"501","FEMALE",168,60,"CT","AT","TC","TT",NA,"AA","AT","CC","TT","CC","TT",25
"502","MALE",132,91,"CT","TT","CC",NA,"CC","AA","TT","CC","TT","CT","CT",21
"503","FEMALE",145,101,"CT","TT","CC","CC","CC","AA","AT","CT","CT","CT","CT",40
"504","MALE",153,93,"CT","AT","TC","TT",NA,"GG","AA","TT","CC",NA,"TT",32
"505","FEMALE",137,90,"CT","TT","CC","CC","CC","AA","TT","CC","TT","CT","CT",22
"506","MALE",129,74,"CT","AT","CC","CT","CT","GG","AT","CC","TT","TT","CT",25
"507","MALE",130,76,"CT","TT","TC","CT","CC","AG","TT","CC","TT","TT","TT",23
"508","MALE",127,85,"CC","TT","CC","CC","CC","AA","AT","CT","CT","CT","CC",27
"509","MALE",146,93,"CT","TT","CC","CC","CC","AA","TT","CC","TT","CT","CT",39
"510","MALE",148,92,"TT","TT","CC","CC","CC","AA","TT","CC","TT","TT","TT",28
"511","FEMALE",173,63,"CC","TT","CC","CC","CC",NA,"AA","TT","CC","CC","CC",17
"512","FEMALE",125,88,"CT","AT","TC","TT",NA,"GG","AA","CT","CT","CC","TT",32
"513","MALE",171,109,NA,NA,NA,NA,"CC","AA","TT","CC",NA,NA,NA,29
"514","FEMALE",151,76,"CT","TT","CC","CC","CC","AA","TT","CC","TT","TT","CT",27
"515","FEMALE",177,78,"CT","TT","TC","CT","CC","AA","AT","CC","TT",NA,"TT",34
"516","FEMALE",130,66,"TT","AT","CC","CT","CT","AA","AT","CT","CT","CT","TT",26
"517","MALE",112,59,"CT","TT","TC","CT","CC","AG","AT","CC","TT","CT","TT",27
"518","MALE",165,81,"CT","TT","TC","CT","CC","AA","TT","CC","TT","TT","TT",29
"519","MALE",127,72,"CT","AT","TC","TT",NA,"AA","AT","CT",NA,"CC","TT",26
"520","FEMALE",129,87,"TT","TT","CC","CT","CC","GG","AA","TT","CC","CC","TT",27
"521","FEMALE",160,83,"TT","TT","CC","CC","CC","AA","TT","CC","TT","TT","TT",26
"522","FEMALE",117,84,"CT","TT","CC","CC","CC","AA","TT","CC","TT","TT","CT",26
"523","FEMALE",143,80,"CT","TT","TC","CT","CC","AA","TT","CC","TT","TT","TT",22
"524","MALE",138,85,"TT","TT","CC","CC","CC","AA","TT","CC","TT","CC","TT",34
"525","MALE",122,79,"CT","TT","TC","CT","CC",NA,"TT","CC","TT","TT","TT",30
"526","MALE",128,85,"TT","AT","CC","CT","CC","AA","TT","CC","TT","CT","TT",37
"527","MALE",129,60,"CT","TT","CC","CC","CC","AA","TT","CC","TT","CT","CT",21
"528","MALE",125,90,"CT","TT","TC","CT","CC","AA","TT","CC","TT","CC","TT",26
"529","FEMALE",129,78,"CC","TT","CC","CC","CC","AA","TT","CC","TT","TT","CC",28
"530","MALE",142,88,"TT","TT","CC","CC","CC","AA","TT","CC","TT","CC","TT",30
"531","MALE",180,96,"TT","TT",NA,"CC","CC","AA","TT","CC","TT","CT","TT",51
"532","FEMALE",136,83,"CT","TT","TC","CT","CC","AA","AT","CC","TT","CT","TT",27
"533","FEMALE",157,78,"CC","TT","TC","CT","CC","AG","TT","CC","TT","TT","CT",24
"534","MALE",153,94,"TT","AT","CC","CT","CT","AA","AT","CT","CT","CT","TT",34
"535","MALE",118,78,"CT","TT","TC","CT","CC","AG","AT","CC","TT","CT","TT",35
"536","MALE",138,67,"TT","AT","CC","CT","CT",NA,"AT","CT","TT","CT","TT",30
"537","FEMALE",184,93,"CC","TT","TT","TT","CC","AG","TT","CC","TT","CC","TT",34
"538","MALE",134,92,"CT","TT","CC","CC","CC",NA,"TT","CC","TT","CT","CT",31
"539","FEMALE",124,85,"CT","TT","TC","CT","CC","AA","TT","CC","TT","TT","TT",27
"540","MALE",170,102,"TT","AT","CC","CT","CT","AG","AA","CT","CT","CT","TT",44
"541","MALE",134,85,"CT","TT","CC","CC","CC","AA","AT","CC","CT","CT","CT",30
"542","FEMALE",140,80,"CT",NA,NA,"CC","CC",NA,"TT","CC","TT","TT","CT",26
"543","MALE",129,58,"CT","TT","TC","CT","CC","AA","TT","CC","TT","CT","TT",26
"544","FEMALE",150,70,"TT","TT","CC","CC","CC","AA","TT","CC","TT","CT","TT",24
"545","FEMALE",134,86,"TT","AT","CC",NA,NA,"GG","AA","CT","CT","TT","TT",33
"546","MALE",128,86,"TT","AT","CC","CT","CC","AA","TT","CC","TT","CC","TT",27
"547","FEMALE",130,81,"CC","AT","TT","TT","CC","GG","AA","TT","CT","CC","TT",36
"548","FEMALE",144,79,"TT","TT",NA,"CC","CC","AA","TT","CC","TT","CC","TT",31
"549","FEMALE",150,79,"CT","TT","TC","CT","CC","GG","AA","CT","CC","CC","CT",35
"550","FEMALE",140,78,"CC","TT","TT","TT","CC","AG","AT","CC","TT","CC","TT",24
"551","MALE",169,98,"TT","AT","CC","CT","CT","AG","AT","CT","CT","CC","TT",28
"552","MALE",149,92,"CC","TT","TC","CT","CC","AA","TT","CC","TT","CT","CT",27
"553","MALE",128,72,"CT","TT","TC","CT","CC","AA","TT","CC","TT","TT","TT",24
"554","MALE",136,89,"TT","TT","CC",NA,"CC","AA","TT","CC","TT","TT","TT",32
"555","MALE",133,78,"CT","TT","CC","CT","CC","AA","TT",NA,"TT","TT","CT",36
"556","MALE",140,83,"CT","AT","CC","CT","CT","AG","AT","CT","TT","TT","CT",34
"557","FEMALE",143,93,"CC","AT","TT","TT","CC","AA","TT","CC","TT","CT","TT",32
"558","MALE",150,96,"CT","AT","TC","TT","CC","AG","AT","CC","TT","CC","TT",26
"559","MALE",126,76,"CT","TT","TC","CT","CC","AA","TT","CC","TT","CC","TT",38
"560","MALE",142,80,"CT","TT","CC",NA,"CC","AA","TT","CC","TT","TT","CT",38
"561","FEMALE",159,82,"TT","AT","CC","CT","CT","AA","AT","CT","CT","CT","TT",31
"562","FEMALE",165,104,"CT","AT","TC","CT","CC","AG","TT","CC","TT","TT","TT",39
"563","FEMALE",138,82,"CT","AT","CC","CT","CT","GG","AA","CT","CT","CC","CT",48
"564","MALE",127,84,"CT","TT","TC","CT","CC","AA","TT","CC","TT","CT","TT",38
"565","MALE",160,87,"TT","AT","CC","CT","CT","AG","AT","CT","CT","CT","TT",24
"566","MALE",122,69,"CT","TT","CC","CC","CC","AA","AT","CT","CT","CC","CT",40
"567","FEMALE",152,91,"TT","TT","CC","CC","CC","AA","TT","CC","TT","CC","TT",27
"568","FEMALE",147,85,"CT","TT","CC","CC","CC","AA","TT","CC","TT","TT","CT",28
"569","MALE",147,69,"CT","TT","TC","CT","CC","AA","TT","CC","TT","CT","TT",28
"570","MALE",131,91,"TT","AT","CC","CT","CT","AG","AT","CT","CT","CT","TT",29
"571","FEMALE",139,70,"TT","AA","CC","TT","CC","AA","TT","CC","TT","CT","TT",27
"572","MALE",151,80,"TT","TT",NA,"CC","CC","AA","TT","CC","TT","CC","TT",27
"573","MALE",129,101,"TT","TT","CC",NA,"CC","AA","TT","CC","TT","CT","TT",32
"574","FEMALE",160,93,"CT","AT","TC","TT",NA,"GG","AT","CC","TT","CT","TT",27
"575","FEMALE",129,75,NA,"TT","TC","CT","CC","AG","AT","CT","CT","CC","CT",27
"576","FEMALE",150,81,"CT","AT","TC","TT",NA,"GG","AT","CC","TT","CC","TT",35
"577","MALE",184,74,"CT","AT","TT","TT","CC","GG","AA","TT","TT","CC","TT",28
"578","MALE",159,75,"CT","TT","CC","CC","CC","AA","AT","CC","TT","TT","CT",32
"579","MALE",169,112,"CT","TT","CC","CC","CC","AA","TT","CC","TT","CT","CT",41
"580","MALE",149,73,"TT","AT","CC","CT","CC",NA,"TT","CC","TT","CC","TT",25
"581","MALE",147,100,"CT","TT","CC","CC","CC","AA","TT","CC","TT","CT","CT",27
"582","MALE",150,80,"TT","AT","CC","CT","CT","AG","TT","CC","TT","CT","TT",26
"583","MALE",129,81,"CT","TT","TC","CT","CC","AA","AT","CC","TT","CT","TT",29
"584","FEMALE",149,90,"CT","TT","CC","CC","CC","AA","TT","CC","TT","CT","CT",19
"585","FEMALE",145,100,"CC","TT","TC","CT","CC","AA","AT","CC","TT","CC","CT",19
"586","MALE",110,62,"CT","TT","CC","CC","CC","AA","TT","CC","TT","CT","CT",34
"587","MALE",122,78,"CT","TT","TC","CT","CC","AG","AT","CT","CT","CC","TT",28
"588","MALE",124,75,"TT","TT","CC","CC","CC","AA","TT","CC","TT","CC","TT",26
"589","FEMALE",158,80,"TT","AT","CC","CT",NA,"AG","TT","CC","TT","CT","TT",19
"590","FEMALE",138,80,"TT","AT","CC","CT","CT","AG","AT","CT","CT","TT","TT",29
"591","MALE",171,111,"TT","AT","CC","CT","CT","AG","AA","CT","CT","CT","TT",34
"592","FEMALE",144,82,"CC","AT","TC","TT","CC","GG","AA","CC","TT","CT","TT",51
"593","FEMALE",144,95,"TT","TT","CC","CC","CC","AA","AT","CC","TT","TT","TT",34
"594","MALE",112,93,"TT","TT","CC","CT","CC","AA","TT","CC","TT","CC","TT",31
"595","MALE",157,101,"TT","TT",NA,NA,"CC",NA,"AT","CC",NA,"CT","TT",29
"596","MALE",116,85,"TT","TT","CC","CC","CC","AG","AT","CT","CT","CC","TT",23
"597","MALE",150,90,"TT","TT","CC","CC","CC",NA,"TT","CC","TT","CT","TT",35
"598","MALE",132,70,"CT","TT","TC","CT","CC","AG","AT","CC","TT","CT","TT",41
"599","MALE",119,74,"CT","TT","TC","CT","CC",NA,"AT","CC","TT","CT",NA,25
"600","MALE",147,63,"TT","TT","CC","CC","CC","AA","TT","CC","TT","TT","TT",27
"601","MALE",120,60,"CT","AT","CC",NA,"CT","AG","AA","CT","CT","CT","CT",25
"602","MALE",141,95,"CT","TT","TC","CT","CC","AA","AT","CC","TT","CT","TT",24
"603","FEMALE",154,87,"TT","AT","CC","CT","CT","AG","AT","CT","CT","CT","TT",26
"604","FEMALE",150,71,"CT","TT","CC","CC","CC","AA","AT","CC","TT","TT","CT",21
"605","FEMALE",139,90,"CT","TT","TC","CT","CC","AG","AT","CT","CT","CC","TT",33
"606","FEMALE",144,92,NA,"TT","CC","CC","CC","AA","TT","CC",NA,"CT",NA,33
"607","FEMALE",135,59,"TT","AT","CC","TT","CT","AG","AT","CT","CT","CC","TT",26
"608","FEMALE",143,71,"CC","TT","TT","TT","CC","GG","AT","CT","TT","CT","TT",43
"609","MALE",117,79,"CT","AT","CC","CT","CT","AG","AT","CT","TT","CC","CT",32
"610","MALE",140,101,"TT","AT","CC","CT","CC","AG","AT","CT","CT","CC","TT",36
"611","FEMALE",138,65,"CT","AT","CC","CT","CT","AG","AT","CT","CT","CT","CT",27
"612","FEMALE",142,81,"TT","TT","CC","CC","CC","AA","TT","CC","TT","CT","TT",26
"613","FEMALE",145,77,"CT","TT","CC","CC","CC","AA","AT","CC","CT","CT","CT",28
"614","MALE",151,91,"CC","AT","TC","TT","CC","AA","AT","CT","CT","CC","TT",34
"615","FEMALE",141,84,"CT","TT","TC","CT","CC","AG","AT","CC","TT","TT","TT",25
"616","MALE",141,87,"CT","TT","CC","CC","CC","AA","AT","CC","TT","TT","CT",33
"617","MALE",138,91,"CT","TT","CC","CC",NA,"AA","TT","CC","TT","CT","TT",28
"618","MALE",118,59,"TT","TT",NA,"CC","CC","AA","TT","CC",NA,"CT","TT",35
"619","MALE",159,91,"CT","TT","CC","CC","CC","AA","TT","CC","TT","CT","CT",26
"620","MALE",165,97,"CT","TT","CC","CC","CC","AA","TT","CC","TT","TT","CT",31
"621","FEMALE",109,70,"TT","AT","CC","CT","CC","AG","AT","CT","CT","CT","TT",42
"622","FEMALE",125,89,"TT","AT","CC","CT",NA,"AG","AT","CT","CT","CC","TT",37
"623","MALE",170,89,"CC","TT","TT","TT","CC","GG","AA","CT","TT","CC","TT",26
"624","FEMALE",128,70,"CT","TT","CC","CC","CC","AA","AT","CT","CT","CC","CT",35
"625","FEMALE",160,80,"CT","TT","CC","CC","CC","AA","TT","CC","TT","TT","CT",24
"626","MALE",140,84,"CT","TT","CC","CC","CC","AG","TT","CC","TT","TT","CT",33
"627","MALE",148,80,"CC","TT","TT","TT","CC","AG","AT","CC","TT","CC","TT",29
"628","FEMALE",169,87,"TT","TT","CC","CT","CC","AA","TT","CC","TT","TT","TT",31
"629","FEMALE",129,65,"CT","AT","CC","TT","CC",NA,"AT","CC","TT","CT","TT",34
"630","FEMALE",129,85,"CT","AT","CC","CT","CT","AG","AT","CT","CT","CT","CT",32
"631","FEMALE",149,92,"CC","TT","TC","CT","CC","AG","AT","CC","TT","CT","CT",24
"632","FEMALE",128,71,"TT","AT","CC","CT","CT","AG","AT","CT","TT","CT","TT",42
"633","MALE",143,82,"TT","AA","CC","TT","TT","GG","AT","CT","CT","CT","TT",33
"634","MALE",145,81,"CT","AT","CC","CT","CT","AG","AT","CC","TT","CT","CT",32
"635","MALE",131,86,"TT","TT","CC","CC",NA,"AA","AT","CC","TT","CT","TT",23
"636","FEMALE",162,90,"CC","TT","TC","CT","CC","AG","TT","CC","TT",NA,"CT",26
"637","MALE",133,82,"CT","TT","TC","CT","CC","AA","AT","CC","TT","CT","TT",22
"638","MALE",125,74,"TT","TT","CC",NA,"CC","AA","TT","CC","TT","CT",NA,33
"639","FEMALE",168,74,"TT","AA","CC","TT","CT","GG","AA","TT","CC","CC","TT",26
"640","FEMALE",168,91,"TT","AT","CC","CT","CC","AA","TT","CC","TT","CT","TT",21
"641","MALE",175,98,NA,"TT","TC","CT","CC","AA","AT","CT","CT","CC","TT",38
"642","FEMALE",147,73,"CT","TT",NA,"CT","CC","AA","TT","CC","TT","CT","TT",34
"643","FEMALE",132,68,"TT","TT","CC","CC","CC","AA","TT","CC","TT","CT","TT",42
"644","MALE",159,99,"TT","TT","CC","CC","CC",NA,"AT","CC",NA,"CT","TT",43
"645","MALE",130,84,"CT","TT","CC","CC","CC","AA","TT",NA,"TT","CT","CT",27
"646","FEMALE",130,70,"CT","AT","CC","CT","CC","AG","AT","CT","CT","CT","CT",27
"647","MALE",127,92,"CT","AT","CC","CT","CC","AA","TT","CC","TT","CC","CT",25
"648","FEMALE",162,102,"TT","TT","CC","CC","CC","AA","TT","CC","TT","CT","TT",42
"649","MALE",146,79,"CC","TT","TC","CT","CC","AA","TT","CC","TT","CC","CT",24
"650","MALE",134,72,"TT","TT","CC","CC","CC","AG","AT","CT","CT","CT","TT",25
"651","MALE",119,88,"TT","TT","CC","CC","CC","AA","TT","CC","TT","CT","TT",27
"652","FEMALE",112,80,"CT","AT","CC","CT","CT","AA","AA","TT","CC","CC","CT",28
"653","FEMALE",113,69,"TT","AT","CC","CT","CC","AA","AT","CC","TT","TT","TT",46
"654","MALE",132,81,"TT","AT","CC","CT","CT","AG","TT","CC","TT","TT","TT",27
"655","MALE",149,86,"TT","TT",NA,"CC","CC","AA","TT","CC","TT","CT","TT",35
"656","FEMALE",174,102,"CT","AT","CC","CT","CT",NA,"TT","CC","TT","TT","CT",34
"657","FEMALE",131,81,"TT","AA","CC","TT","CT","AG","TT","CC","TT","CT","TT",30
"658","MALE",160,87,"TT","TT","CC","CC","CC","AG","AT","CT","CT","CT","TT",29
"659","FEMALE",153,68,"CT","AT","TC","TT",NA,"AG","AT","CT","CT","CC","TT",19
"660","FEMALE",170,103,"CT","AT","CC","CT","CT","AG","AT","CT","CT","CT","CT",36
"661","FEMALE",187,98,"CC","TT","TT","TT","CC","AA","AT","CC","TT","CT","TT",31
"662","FEMALE",134,92,"TT","AT","CC","CT","CT","AG","AT","CT","CT","CC","TT",33
"663","MALE",92,62,"TT","TT","CC","CC","CC","AA","TT","CC","TT","CT","TT",26
"664","MALE",130,79,"TT","AT","CC","CT","CT","AG","AT","CT","CT","CT","TT",33
"665","FEMALE",108,80,"TT","TT","CC","CC","CC","AA","TT","CC","TT","CT","TT",29
"666","FEMALE",129,81,"CT","TT","CC","CC","CC","AA","TT","CC","TT","CT","CT",26
"667","FEMALE",87,59,"CT","TT","TC","CT","CC","AG","AT","CT","CT","CC","TT",27
"668","FEMALE",125,95,"CT","TT","TC","CT","CC","AA","AT","CC","TT","CT","TT",31
"669","MALE",140,80,"TT","AT","CC","TT","TT","AG","TT","CC","TT","TT","TT",27
"670","MALE",149,92,"CT","AT","TC","TT","CT","AG","AT","CT","CT","CT","TT",36
"671","FEMALE",148,79,"CT","AT","CC","CT","CT","AG","AT","CT","CT","CC","CT",40
"672","FEMALE",140,72,"CT","AT","CC","CT","CC","AG","AA","CT","CT","CC","CT",37
"673","MALE",141,77,"CT","TT","CC","CC","CC","AG","AT","CT","CT","CT","CT",38
"674","MALE",106,79,"CT","TT","TC","TT","CC","AA","TT","CC","TT","TT","TT",31
"675","FEMALE",162,95,"TT","AT","CC","CT","CT","AG","TT","CC","TT","CC","TT",30
"676","MALE",129,80,"CC","TT","TC","CT","CC","AA","TT","CC","TT","CT","CT",24
"677","MALE",151,87,"TT","AT","CC","CT","CC","AA","TT","CC","TT","CT","TT",26
"678","MALE",127,76,"TT","TT","CC","CC","CC","AA","TT","CC","TT","CC","TT",29
"679","MALE",160,103,"TT","TT","CC","CC","CC","AA","TT","CC","TT","CC","TT",36
"680","MALE",127,95,"TT","AT","CC","CT","CT","AA","AT","CT","CT","CT","TT",29
"681","MALE",153,83,"CT","TT","TC","CT","CC","AG","AT","CC","TT","CT","TT",30
"682","MALE",118,80,"TT","AT","CC","CT","CT","AG","AT","CT","CT","CT","TT",33
"683","FEMALE",112,82,"CT","TT","CC","CC","CC","AA","TT","CC","TT","CC","CT",41
"684","MALE",145,91,"CT","TT","TC","CT",NA,"AA","TT","CC","TT","CT",NA,32
"685","MALE",132,84,"CC","TT","CC","CC","CC","AA","TT","CC","TT","TT","CC",25
"686","MALE",118,77,"CT","TT","CC","CC","CC","AG","TT","CC","TT","TT","CT",23
"687","FEMALE",136,68,"TT","TT","CC","CT",NA,NA,"TT","CC","TT","CT","TT",22
"688","MALE",150,91,"TT","AT","CC","CT","CC","AA","TT","CC","TT","CT","TT",28
"689","FEMALE",149,88,"TT","AT","CC","CT","TT","GG","AT","CT","CT","CC","TT",23
"690","FEMALE",120,82,"CT","AT","TC","TT",NA,"GG","AA","TT","CC","CT","TT",23
"691","MALE",150,107,"CC","TT","TC","CT","CC","AG","AT","CC","CT","CC","CT",33
"692","FEMALE",115,84,"CT","TT","CC","CC","CC","AA","AT","CT","CT","CC","CT",24
"693","MALE",138,75,"CC","AT","TT","TT","CC","AG","TT","CC","TT","CT","TT",29
"694","FEMALE",159,102,"CT","TT","TC","CT","CC","AA","AT","CC","TT","TT","TT",20
"695","MALE",119,92,"TT","TT","CC","CC","CC","AA","TT","CC","TT","CT","TT",28
"696","MALE",140,99,"CC","TT","CC",NA,"CC","AA","TT","CC","TT","CT","CC",33
"697","MALE",148,93,"TT","TT","CC","CC","CC","AA","TT","CC","TT","TT","TT",39
"698","FEMALE",129,82,"TT","AT","CC","CT","CT","AG","AT","CT","CT","CC","TT",39
"699","MALE",138,89,"TT","AT","CC","CT","CT",NA,"TT","CC","TT","CT","TT",28
"700","MALE",132,87,"TT","AT","CC","CT","CT","AG","AT","CT","CT","CT","TT",26
"701","MALE",155,75,"CC","TT","TC","CT","CC","AG","AT","CC","TT","CC","CT",29
"702","MALE",150,79,"TT","TT","CC",NA,"CC","AA",NA,"CC","TT","CT","TT",27
"703","MALE",149,91,"CT","TT","CC","CC","CC","AA","AT","CT","CT","CC","CT",28
"704","FEMALE",145,80,"TT","TT","CC","CC","CC",NA,"TT","CC","TT","TT","TT",24
"705","FEMALE",119,82,"TT","AT","CC","CT","CT","AG","TT","CC","TT","TT","TT",30
"706","MALE",162,96,NA,"AT","CC","CT","CT","AG","AT","CT","CT","CC","TT",26
"707","MALE",92,60,"CT","TT","CC","CC","CC","AA","TT","CC","TT","CT","CT",33
"708","MALE",150,89,"CT","AT","TC","TT","CC","AG","AT","CT","CT","CT","TT",30
"709","MALE",145,69,"TT","TT","CC","CC","CC","AA","TT","CC","TT","CT","TT",30
"710","FEMALE",146,82,"TT","AT","CC","CT","CT","AG","AT","CT","CT","CT","TT",51
"711","FEMALE",187,88,"TT","TT","CC","CC","CC","AA","AT","CT","CT","CC","TT",31
"712","FEMALE",133,69,"TT","TT","CC","CC","CC","AA","TT","CC","TT","CT","TT",26
"713","FEMALE",168,94,"CT","AT","CC","CT","CT","AG","AA","CT","CT","CC","CT",21
"714","MALE",145,77,"CT","TT","TC","CT","CC","AG","TT","CC","TT","TT","TT",28
"715","FEMALE",119,72,"CC","AT","TT","TT","CC","GG","AT","CC","TT","CT","TT",32
"716","MALE",154,107,"CT","TT","TC","CT","CC","AG","AT","CC","TT","CT","TT",21
"717","FEMALE",128,83,"CT","TT","CC","CC","CC","AA","TT","CC","TT","CC","CT",42
"718","FEMALE",142,92,"TT","TT","CC","CC","CC","AA","TT","CC","TT","CT","TT",20
"719","FEMALE",128,73,"CT","TT","CC","CC","CC","AA","TT","CC","TT","CT","CT",24
"720","FEMALE",163,100,"CT","TT","TC","CT","CC","AG","AT","CC","TT","CT","TT",28
"721","MALE",140,65,"CT","TT","CC","CT","CC","AA","TT","CC","TT","TT","CT",27
"722","FEMALE",164,83,"CC","AT","TC","CT","CC","AG","TT","CC","TT","TT","CT",31
"723","FEMALE",132,74,"TT","TT","CC","CT","CT","AA","TT","CC","TT","CT","TT",31
"724","MALE",114,74,"TT","TT","CC","CC",NA,"AA","TT","CC","TT","CC","TT",28
"725","MALE",142,84,"TT","TT","CC","CC","CC","AA","TT","CC","TT","TT","TT",38
"726","MALE",159,80,"TT","TT","CC","CC","CC","AA","TT","CC","TT","CT","TT",36
"727","FEMALE",119,76,"TT","TT","CC","CC","CC","AG","AT","CT","CT","CT","TT",42
"728","FEMALE",141,78,"CT","TT","TC","CT","CC","AA","AT","CT","TT","CT","TT",24
"729","MALE",133,88,"CT","AT","TC","TT",NA,"GG","AT","CC","TT","CT","TT",26
"730","MALE",165,80,"CT",NA,"TC","TT",NA,NA,NA,"CT","CT",NA,NA,29
"731","MALE",159,83,"TT","TT","CC","CC","CC","AA","TT","CC","TT","CT","TT",26
"732","FEMALE",149,88,"CT","AT","TC","TT","CT","AA","TT","CC","TT","CT","TT",34
"733","MALE",125,77,"TT","AA","CC","TT","CT","AG","AT","CT","CT","CC","TT",43
"734","FEMALE",157,105,"CC","TT","TC","CT","CC","AG","AT","CT","CT","CT","CT",36
"735","FEMALE",151,88,"TT","TT","CC","CC","CC","AA","TT","CC","TT","CT","TT",27
"736","FEMALE",161,83,"CC","TT","CC","CC","CC","AA","TT",NA,"TT","CT","CC",24
"737","FEMALE",122,71,"TT",NA,NA,"CC","CC",NA,"TT","CC",NA,"TT",NA,33
"738","MALE",116,60,"TT","TT","CC","CC","CC","AA","TT","CC","TT","TT","TT",32
"739","FEMALE",123,72,"TT","AT","CC","CT","CT","AG","AT","CT","CT","CT","TT",35
"740","FEMALE",156,87,"TT","AT","CC","CT","CT","AG","AT","CT","TT","CT","TT",41
"741","MALE",141,83,"CT","TT","CC","CC","CC","AA","AT","CC","TT","CT","CT",25
"742","MALE",149,83,"CT","TT","TC",NA,"CC","AA","TT","CC","TT","CT","TT",33
"743","MALE",128,83,"TT","AA","CC","TT","TT","AG","AA","TT","CC","CC","TT",30
"744","FEMALE",129,72,"CT","TT","TC","CT","CC","AG","AT","CC","TT","CT","TT",33
"745","FEMALE",134,73,"CT","TT","CC","CC","CC","AG","AT","CT","CT","CT","CT",32
"746","MALE",135,88,"TT","AT","CC","CT","CC","AG","AT","CT","CT","CT","TT",28
"747","MALE",160,79,"CT","TT","TC","CT","CC","AA","TT","CC","TT","CT","TT",31
"748","MALE",129,85,"CT","AT","TC","TT",NA,"GG","AT","CT","TT","CT","TT",34
"749","MALE",145,84,"TT","TT","CC","CC","CC","AA","TT","CC","TT","CC","TT",22
"750","FEMALE",139,82,"TT","AT","CC","CT","CC","AA","TT","CC","TT","CT","TT",27
"751","MALE",132,81,"CT","TT","TC","CT","CC","AG","TT","CC","TT","CT","TT",40
"752","MALE",109,82,"CT","TT","TC","CT","CC","AA","TT","CC","TT","CT","TT",36
"753","FEMALE",122,81,"TT","AA","CC",NA,"TT","GG","AA","TT","CC","TT","TT",26
"754","MALE",143,83,"CT","AT","TC","TT",NA,"GG","AA","CT","CT","TT","TT",29
"755","FEMALE",126,78,"TT","AT","CC","CT","CT","AG","TT","CC","TT","TT","TT",36
"756","MALE",137,75,"CT","TT","CC","CC","CC","AA","TT","CC","TT","TT","CT",35
"757","FEMALE",119,81,"CC","TT","CC","CC","CC","AA","TT","CC","TT","TT","CC",29
"758","FEMALE",152,88,"CT","TT","TC","CT","CC","AA","TT","CC","TT","TT","TT",33
"759","MALE",137,73,"TT","AT","CC","CT",NA,NA,"AT","CC","TT","TT","TT",25
"760","MALE",132,80,"TT","AT","CC","CT","CT","AG","AT","CT","CT","CT","TT",30
"761","FEMALE",129,82,"CT","TT","CC","CC","CC","AA","TT","CC","TT","TT","CT",34
"762","FEMALE",129,66,"CT","AT","CC","CT","CC","AA","TT","CC","TT","CT","CT",28
"763","MALE",173,90,"TT","TT","CC","CC","CC","AA","TT","CC","TT","CT","TT",26
"764","FEMALE",147,84,"TT","TT","CC","CC","CC","AA","AT","CC","TT","TT","TT",33
"765","MALE",119,82,"CT","TT","CC","CC","CC","AA","AT","CC","TT","CT","CT",37
"766","FEMALE",140,79,"TT","TT","CC","CC","CC","AA","AT","CC","TT","TT","TT",24
"767","FEMALE",152,76,"TT","AT","CC","CT",NA,"AG","AT","CT","CT","CC","TT",28
"768","MALE",140,90,"CC","TT","CC",NA,"CC","AA","AT","CC","TT","CT","CC",31
"769","MALE",130,71,"CC","TT","TT","TT",NA,"GG","AT","CT","CT","CC","TT",31
"770","MALE",138,87,"TT","TT","CC","CC","CC","AA","TT","CC","TT","CC","TT",33
"771","MALE",148,98,"TT","TT","CC","CC","CC","AA","TT","CC","TT","CT","TT",32
"772","FEMALE",140,81,"CT","TT","TC","CT","CC","AA","TT","CC","TT","TT","TT",27
"773","FEMALE",148,65,"CC","TT","TC","CT","CC","AG","AT","CC","TT","CT","CT",28
"774","MALE",151,79,"TT","AT","CC","CT","CT",NA,"AT","CT","CT","CC","TT",29
"775","FEMALE",149,86,"CT","TT","TC","CT","CC","AA","TT","CC","TT","TT","TT",30
"776","FEMALE",142,78,"CT","TT","CC","CC","CC","AA","TT","CC","TT","CT","CT",23
"777","FEMALE",139,85,"CC","TT","TC","CT","CC","AA","AT","CC","CT","CC","CT",33
"778","FEMALE",158,81,"CT","TT","CC","CC","CC","AA","TT","CC","TT","TT","CT",23
"779","FEMALE",142,91,"TT","TT","CC","CC","CC","AA","TT","CC","TT","CT","TT",30
"780","FEMALE",131,77,"CT","TT","TC","CT","CC","AG","AT","CC","TT","CC","TT",36
"781","FEMALE",140,64,"TT","TT","CC","CC","CC","AA","AT","CC","TT","CT","TT",34
"782","MALE",109,75,"TT","TT","CC","CC","CC","AA","AT","CC","TT","CT","TT",26
"783","FEMALE",112,54,"CT","TT","TC","CT","CT","AG","AA","CT","CT","CC","TT",21
"784","MALE",124,87,"CT",NA,NA,"CC","CC","AA","TT","CC",NA,NA,"CT",33
"785","MALE",121,77,"CT","AT","TC","CC",NA,"GG","AT","CT","TT","CT","TT",36
"786","FEMALE",130,86,"CT","TT","TC","CT","CC","AA","TT","CC","TT","CT","TT",50
"787","FEMALE",140,89,"TT","TT","CC","CT","CC","AA","TT","CC","TT","CT","TT",32
"788","MALE",139,84,"CT","TT","CC","CC","CC","AG","AT","CT","CT","CT","CT",25
"789","MALE",134,92,NA,"TT","TC",NA,"CC",NA,"TT","CC","TT","CT",NA,29
"790","MALE",142,89,"CT","TT","TC","CT","CC","AA","TT","CC","TT","CT","TT",25
"791","FEMALE",116,71,"CT","AT","CC","CT","CT","AG","AA","CT","CT","CC","CT",31
"792","FEMALE",153,80,"CT","TT","TC","CT","CC","AA","TT","CC","TT","TT","TT",48
"793","FEMALE",153,82,"TT","TT","CC",NA,"CC","AG","TT","CC","TT","TT","TT",31
"794","FEMALE",132,76,"CC","TT","TC","CT","CC","AA","TT","CC","TT","TT","CT",27
"795","MALE",131,98,"CT","TT","TC","CT","CC","AG","AT","CT","CT","CC","TT",27
"796","MALE",148,81,"CT","AT","CC","CT","CT","AG","AA","CT","CT","CC","CT",30
"797","FEMALE",129,74,"CT","TT","TC","CT","CC","AG","TT","CC","TT","CT","TT",22
"798","MALE",142,91,"TT","AT","CC","CT","CT","GG","AA","CT","CT","CC","CT",23
"799","MALE",150,80,"CT","TT","TC","CT","CC","AG","AT","CT","CT","CC","TT",36
"800","MALE",163,95,"CC","TT","TC","CT","CC","AG","TT","CC","TT","TT","CT",23
"801","MALE",132,95,"CT","AT","TC","CT","CC","AA","TT",NA,"TT","CC","TT",36
"802","MALE",156,94,"TT","TT","CC",NA,"CC","AA","TT","CC","TT","TT","TT",30
"803","FEMALE",116,81,"TT","AT","CC","CT","CT",NA,"AT","CT","CT","CC","TT",20
"804","MALE",121,70,"TT","TT","CC","CC","CC","AA","TT","CC","TT","CT","TT",31
"805","MALE",158,92,"CT","TT","CC","CC","CC","AA","TT","CC","TT","CT","CT",42
"806","FEMALE",140,65,"TT","AT","CC",NA,"CT","AG","AT","CT","CT","CC","TT",30
"807","MALE",117,79,"TT","AT","CC",NA,"CC","AA","TT","CC","TT","CT","TT",36
"808","FEMALE",158,87,"TT","TT","CC","CC","CC","AG","AT","CT","CT","CC","TT",22
"809","MALE",121,70,"CT","TT","TC","CT","CC","AG","AT","CT","CT","CT","TT",28
"810","FEMALE",162,73,"CT","TT","TC","CT","CC","GG","AT","CC","CT","CT","CT",27
"811","MALE",118,68,"TT","TT","CC","CC","CC","AA","TT","CC","TT","CT","TT",28
"812","FEMALE",151,90,"CC","TT","TC","CT","CC","AG","AA","TT","CC","CT","CT",25
"813","MALE",138,66,"CT","TT",NA,"CT","CC","AA","TT","CC","TT","CC","TT",27
"814","MALE",125,89,"TT","TT","CC","CC","CC","AG","AT","CC","CT","CC","CT",27
"815","FEMALE",172,79,"CC","TT","CC","CC","CC","AA","TT","CC","TT","TT","CC",39
"816","MALE",122,83,"CT","TT","TC","CT","CC","AA","TT","CC","TT","CC","TT",37
"817","FEMALE",162,81,"TT","AT","CC","CT","CC","AA","TT","CC","TT","TT","TT",24
"818","FEMALE",131,82,"TT","TT","CC","CC","CC","AG","AT","CT","CT","CT","TT",27
"819","MALE",168,80,"CT","TT","CC","CC","CC","AA","TT","CC","TT","CT","CT",41
"820","FEMALE",151,74,"CT","AT","CC","CT","CT","AG","AT","CT",NA,"CT","CT",38
"821","MALE",131,69,"CT","TT","CC","CC","CC","AA","TT","CC","TT","CT","CT",30
"822","FEMALE",146,84,"CT","TT","TC","CT","CC","AG","AT","CC","TT","TT","TT",24
"823","FEMALE",134,86,"TT","AT","CC","CT","CT","AG","AA","CT","CC","CC","TT",32
"824","MALE",128,80,"TT","AA","CC","TT","TT","GG","AA","TT","CC","TT","TT",28
"825","MALE",123,75,"TT","AT","CC","CT","CT","AG","AA","CT","TT","TT","TT",27
"826","MALE",135,90,"CT","TT","TC","CT","CC","AG","AT","CC","TT","TT","TT",27
"827","MALE",130,81,"TT","TT","CC","CC","CC","AA","TT","CC","TT","CC","TT",26
"828","MALE",151,80,"CT","AT","CC","CT","CT","AG","AT","CT","CT","CT","CT",30
"829","FEMALE",162,84,"CC","TT","TC",NA,"CC","AA","AT","CT","CT","CC","CT",31
"830","FEMALE",183,78,"CC","TT","CC","CC","CC",NA,"TT","CC","TT","CT","CC",48
"831","FEMALE",179,76,"CT","TT","CC",NA,"CC","AA","TT","CC","TT","CT","CT",26
"832","MALE",131,70,"CT","TT","TC","CT","CC","AA","TT","CC","TT","CT","TT",34
"833","MALE",168,90,"TT","TT","CC","CC","CC","AA","TT","CC","TT","CC","TT",40
"834","MALE",136,97,"CT","TT","TC","CT","CC","AG","AT","CC","TT","CC","TT",29
"835","FEMALE",140,71,"TT","TT","CC","CC","CC","AA","TT","CC","TT","CT","TT",33
"836","MALE",136,81,"CT","TT","TC","CT","CC","GG","AA","TT","CC","CT","TT",26
"837","MALE",140,87,"TT","TT","CC","CC","CC","AA","TT","CC","TT",NA,"TT",40
"838","FEMALE",141,59,"CT","TT","TC","CT","CC","AG","AT","CC","TT","TT","TT",30
"839","FEMALE",141,70,"TT","AA","CC","TT","CT","AG","TT","CC","TT","CT","TT",31
"840","FEMALE",140,79,"CT","TT","TC","CT","CC","AG","AT","CT","CT","CC","TT",30
"841","MALE",148,92,"TT","TT","CC","CC","CC","AA","TT","CC","TT","CT","TT",44
"842","FEMALE",114,58,"CT","AT","TC","TT","CC","AG","AT","CC","TT","TT","TT",21
"843","FEMALE",149,99,"CT","TT","TC","CT","CC","AA","AT","CC","TT","TT","TT",31
"844","MALE",124,85,NA,NA,NA,NA,NA,NA,NA,NA,NA,NA,NA,28
"845","MALE",136,76,"CT","TT","TC","CT","CC","AA","TT","CC",NA,"CT","TT",39
"846","MALE",144,81,"CT","AT","TC","TT",NA,"AG","AT","CT","CT","CT","TT",28
"847","MALE",161,117,"CT","TT","TC","CT",NA,"AG","AT","CT","CT","CC","TT",36
"848","MALE",162,85,"CT","AT","TC","TT",NA,"GG","AA","CT","TT","CT","TT",32
"849","FEMALE",156,77,"TT","AT","CC","CT","CT","AG","AT","CT",NA,"CT","TT",35
"850","FEMALE",183,87,"TT","AT","CC","CT","CC",NA,"TT","CC","TT","CC","TT",21
"851","MALE",159,68,"TT","AT","CC","CT","CC","AA","TT","CC","TT","TT","TT",30
"852","FEMALE",133,65,"TT","AT","TC","CT","CC","AG","AT","CT","CT","CC","TT",28
"853","MALE",110,70,"CT","TT","TC","CT","CC","AG","AT","CC","TT","TT","TT",26
"854","MALE",157,79,"TT","AT","CC","CT","CC","AA","TT","CC","TT","CT","TT",21
"855","MALE",131,74,"TT","TT","CC","CC","CC","AG","AT","CT","CT","CC","TT",31
"856","FEMALE",160,83,"TT","TT","CC","CC","CC","AA","TT","CC","TT","CT","TT",40
"857","MALE",151,90,"CT","TT",NA,NA,"CC","AA","TT","CC",NA,"CC","CT",27
"858","MALE",149,80,"CT","TT","CC","CC","CC","AA","TT","CC","TT","CT","CT",34
"859","FEMALE",149,94,"CT","AT","TC","TT",NA,"GG","AA","TT","CC","CC","TT",35
"860","FEMALE",150,95,"CC","AT","TT","TT","CC","GG","AA","TT","TT","CC","TT",31
"861","MALE",137,85,"TT","AT","CC","CT","CT","AG","TT","CC","TT","CT","TT",31
"862","MALE",170,79,"CT","TT","TC","CT","CC","AA","AT","CC","TT","TT","TT",36
"863","MALE",151,76,"TT","TT","CC","CC","CC","AA","TT","CC","TT","CC","TT",26
"864","MALE",149,85,"TT","AT","CC","CT","CC","AA","TT","CC","TT","CC","TT",23
"865","FEMALE",155,100,"TT","TT","CC","CT","CT","AG","AT","CT","TT","CC","TT",44
"866","MALE",128,81,"CT","TT","TC","CT","CC","AG","TT","CC","TT","CC","TT",33
"867","MALE",141,57,"TT","TT","CC","CC","CC","AA","TT","CC","TT","CC","TT",29
"868","FEMALE",141,68,"TT","AA","CC","TT","TT","GG","AA","TT","CC","CC","TT",44
"869","MALE",180,80,"CT","TT","TC","CT","CC","AA","AT","CC","TT","CC","TT",40
"870","FEMALE",125,90,"TT","TT","CC","CC","CC","AA","TT","CC","TT","TT","TT",29
"871","FEMALE",127,89,"TT",NA,"CC","CC","CC","AA","TT","CC","TT","CC","TT",31
"872","MALE",167,100,"TT","AT","CC","CT","CC","AA","TT","CC","TT","CC","TT",30
"873","FEMALE",112,73,"TT","TT","CC","CC","CC","AA","TT","CC","TT","CC","TT",26
"874","MALE",150,81,"CT","TT","TC","CT","CC","AA","TT","CC","TT","CT","TT",27
"875","MALE",191,93,"TT","AT","CC","CT","CC","AA","TT","CC","TT","CT","TT",33
"876","MALE",149,72,"CC","TT","TC",NA,"CC","AG","AT","CT","CT","TT","CT",27
"877","MALE",140,96,"TT","TT","CC",NA,"CC","AA","TT","CC","TT","TT","TT",30
"878","MALE",124,83,"TT","AT","CC",NA,"CT","AA","AT","CC","TT","CT","TT",37
"879","MALE",138,80,"CT","AT","TC","TT",NA,"AG","AT","CT","TT","CC","TT",34
"880","MALE",131,73,"TT","TT","CC","CC","CC","AA","TT","CC","TT","CC","TT",27
"881","FEMALE",125,90,"CT","AT","TC","TT","CC","AA","TT","CC","TT","CT","TT",35
"882","MALE",130,70,NA,"TT","CC","CC","CC",NA,"AT","CC","TT","TT","TT",25
"883","MALE",133,80,"CT","AT","CC","CT","CC","AA","TT","CC","TT","CT","CT",31
"884","MALE",140,71,"CT","TT","CC","CC","CC","AA","AT","CT","CT","CC","CT",28
"885","MALE",111,74,"TT","TT","CC","CC","CC","AA","TT","CC","TT","CT","TT",31
"886","MALE",131,83,"CT","AT","CC","CT","CT","AG","AA","TT","CC","CC","CT",36
"887","MALE",136,88,"CT","AT","CC","CT","CT","AG","AT","CT",NA,"CT","CT",33
"888","FEMALE",154,96,"CT","AT","TC","TT",NA,"GG","AA",NA,"CT","CT","TT",28
"889","MALE",131,83,"TT","TT","CC","CC","CC","AA","TT","CC","TT","CC","TT",27
"890","MALE",147,78,"TT","AT","CC","CT","CT","AG","TT","CC","TT","CT","TT",NA
"891","FEMALE",134,89,"CT","TT","CC",NA,"CC","AA","AT","CT","CT","TT","CT",42
"892","MALE",139,91,"CT","TT","TC","CT","CC","AG","AT","CT","CT","CC","TT",31
"893","MALE",156,76,"CT","TT","TC","CT","CT","AA","TT","CC","TT","CT","TT",25
"894","FEMALE",163,84,"CC","TT","TC","CT","CC","AA","TT","CC","TT","CT","CT",28
"895","MALE",149,69,"CT","TT","CC","CC","CC",NA,"AT","CC","TT","TT","CT",26
"896","MALE",111,76,"CC","TT","TT","TT","CC","GG","AT","CC","TT","CT","TT",25
"897","MALE",161,89,"CT","TT","TC","CT","CC","AG","AT","CC","TT","CT","TT",31
"898","MALE",159,97,"CT","TT","TC","CT","CC","AG","TT","CC","TT","CC","TT",26
"899","MALE",101,72,"TT","TT","CC","CC","CC","AG","TT","CC","TT","CT","TT",32
"900","FEMALE",124,81,"TT","AT",NA,NA,NA,"AG","AT","CC","TT",NA,"TT",29
"901","FEMALE",139,91,"CT","TT","CC","CC","CC","AA","TT","CC","TT","CC","CT",35
"902","MALE",135,60,"TT","AT","CC","CT","CT","AG","TT","CC","TT","TT","TT",31
"903","MALE",163,78,"TT","TT",NA,"CC","CC",NA,"TT","CC","TT","CT","TT",30
"904","MALE",140,85,"CT","TT","TC","CT","CC","AG","AT","CC","TT","CT","TT",33
"905","FEMALE",122,85,"TT","TT","CC","CC","CC","AA","TT","CC","TT","CT","TT",30
"906","MALE",146,85,"CC","TT","TC","CT","CC","AG","TT","CC","TT","CT","CT",36
"907","MALE",138,96,"TT","TT","CC","CC","CC","AA","AT","CC","TT","TT","TT",30
"908","MALE",153,100,"CT","TT","TC","CT","CC","AG","AT","CC","TT","TT","TT",43
"909","MALE",147,94,"TT","TT","CC","CC","CC","AA","TT",NA,"TT","TT","TT",49
"910","MALE",181,98,"CT",NA,"TC","CT","CC","AA","TT","CC","TT","CT","TT",30
"911","FEMALE",131,81,"TT","TT","CC","CC","CC","AA","TT","CC","TT","CT","TT",26
"912","FEMALE",120,72,"CT","AT","CC","CT","CT","AG","AT","CT","CT","CT",NA,38
"913","FEMALE",128,60,"TT","TT","CC","CC","CC",NA,"AT","CT","TT","CT","TT",33
"914","MALE",124,74,"CT","TT","CC","CC","CC","AA","TT","CC","TT","TT","CT",29
"915","FEMALE",132,71,"TT","TT","CC","CT","CC","AA","TT","CC","TT","CT","TT",20
"916","MALE",152,89,"TT","AT","CC","CT","CT",NA,"AA","TT","CC","CT","TT",34
"917","FEMALE",143,96,"CC","TT","TC","CT","CC","AG","TT","CC","TT","CT","CT",51
"918","MALE",123,69,"TT","AA","CC","TT","CT","AG",NA,"CC","TT","CT","TT",24
"919","MALE",150,73,"CT","AT","CC","CT","CT","AG","AT","CT","CT","CT","CT",32
"920","MALE",121,86,"CT","TT","TC","CT","CC","AA","AT","CT","CT","CT","TT",30
"921","MALE",114,82,"TT","TT","CC","CC","CC","AA","TT","CC","TT","TT","TT",43
"922","MALE",139,98,"TT","TT","CC","CC","CC",NA,"TT","CC","TT","CC","TT",31
"923","MALE",158,101,"CT","AT","TC","TT","CC","AG","AT","CC","TT","CT","TT",31
"924","MALE",111,79,"CT","AT","TC","TT",NA,"GG","AA","CT","CT","CT","TT",26
"925","FEMALE",185,91,"CC","TT","TC","CT","CC","AA","TT","CC","TT","CT","CT",21
"926","MALE",142,84,"TT","TT","CC","CC","CC","AA","TT","CC","TT","TT","TT",25
"927","FEMALE",123,74,"CT","TT","CC","CC","CC","AG","AT","CT","CT","CT","CT",36
"928","MALE",116,75,"TT","TT","CC","CC","CC","AA","TT","CC","TT","CT","TT",32
"929","FEMALE",130,74,"TT","AT","CC","CT","CC","AA","TT","CC","TT","CT","TT",32
"930","MALE",126,81,"TT","AA","CC","TT","TT","GG","AA","TT","CC","CC","TT",26
"931","FEMALE",131,83,"CT","TT","TC",NA,"CC","AG","AT","CT","CT","CC","TT",29
"932","MALE",133,85,"TT","AT","CC","CT","CT","AG","AA","CT","CT","TT","TT",37
"933","MALE",148,89,"TT","AT","CC",NA,"CC","AG","AT","CT","CT","CC","TT",18
"934","MALE",130,98,"CC","AA","TT","TT","CC","GG","AA","TT","TT","CC","TT",31
"935","MALE",140,80,"CT","AT","CC","CT","CT","AG","AT","CT","CT","CT","CT",30
"936","MALE",132,80,"CT","TT","CC","CC","CC","AA","TT","CC","TT","CT","CT",36
"937","MALE",150,85,"TT","TT","CC","CC","CC","AA","TT","CC","TT","TT","TT",41
"938","FEMALE",141,68,"TT","AT","CC","CT","CT","AG","AT","CT","CT","CT","TT",24
"939","FEMALE",158,98,"CT","TT","TC","CT","CC","AA","TT","CC","TT","CT","TT",31
"940","MALE",129,78,"CT","TT","TC","TT","CC",NA,"AT","CC","TT","CT","TT",39
"941","FEMALE",110,78,"CT","TT","CC","CC","CC","AA","TT","CC","TT","CT","TT",26
"942","FEMALE",180,104,"CT","TT","CC","CC","CC","AA","TT","CC","TT","TT","CT",26
"943","MALE",129,82,"CT","TT","CC","CC","CC","AA","TT","CC","TT","CT","CT",32
"944","FEMALE",139,80,"TT","AT","CC","CT",NA,"GG","AA","TT","CC","CT","TT",37
"945","FEMALE",155,94,"TT","TT","CC","CC","CC","AA","TT","CC","TT","CT","TT",22
"946","FEMALE",150,98,"TT","AT","CC","CT","CT","AG","AT","CT","CT","CT","TT",29
"947","FEMALE",152,82,"CT","TT","CC","CC","CC","AA","AT","CC","CT","CC","CT",31
"948","FEMALE",142,71,"TT","TT","CC","CC","CC","AA","TT","CC","TT","CC","TT",28
"949","FEMALE",144,81,"TT","TT","CC","CC","CC","AA","TT","CC","TT","TT","TT",26
"950","MALE",160,99,"CC","TT","TC","CT","CC","AG","TT","CC","TT",NA,"CT",28
"951","FEMALE",117,74,"TT","TT","CC",NA,"CC","AA",NA,"CC","TT","CC","TT",39
"952","FEMALE",129,84,"CT","TT","CC","CC","CT","AG","AT","CT","CT","TT","CT",30
"953","FEMALE",160,113,"TT","AT","CC","CT","CT","AA","AT","CT","CT","CT","TT",39
"954","MALE",178,72,"TT","TT","CC","CC","CC","AA","TT","CC","TT","CT","TT",28
"955","MALE",126,67,"CT","TT","TC","CT","CC","AG","AT","CT",NA,"CT","TT",29
"956","MALE",136,80,"TT","TT","CC","CC","CC","AA","TT","CC","TT","CT","TT",32
"957","MALE",167,88,"CT","AT","TC","TT",NA,"GG","AT","CT","CT","CC","TT",28
"958","FEMALE",130,86,"CT","TT","CC","CC","CC","AG","TT","CC","TT","TT","CT",28
"959","MALE",118,79,"TT","AT","CC","CT","CT","AG","TT","CC","TT","TT","TT",31
"960","FEMALE",146,77,"CT","AT","TC","TT","CC","AA","AT","CC","TT","CT","TT",37
"961","MALE",138,98,"CT","TT","CC",NA,"CC","AA","TT","CC","TT","CT","CT",38
"962","FEMALE",150,91,"TT","TT","CC","CC","CC","AA","TT","CC","TT","CC","TT",35
"963","FEMALE",126,101,"CT","TT","TC","CT","CC","AG","AT","CC","TT","CT","TT",27
"964","MALE",139,67,"CT","TT","CC","CC","CC","AA","AT","CT","CT","CC","CT",30
"965","FEMALE",130,81,"CC","TT","TT","TT",NA,"GG","AA","TT","CC","CC","TT",26
"966","MALE",138,87,"TT","TT","CC","CC","CC","AG","AT","CT","CT","TT","TT",31
"967","MALE",110,60,"CT","TT","TC","CT","CC","AA","TT","CC","TT","CT","TT",28
"968","FEMALE",131,76,"TT","TT","CC","CC","CC","AA","TT","CC","TT","CC","TT",31
"969","FEMALE",122,61,"TT","TT","CC","CC","CC","AA","TT","CC","TT","CT","TT",29
"970","MALE",111,72,"CT","TT","CC","CC","CC","AA","TT","CC","TT","CT","CT",32
"971","MALE",122,62,"TT","TT","CC","CC","CC","AA","TT","CC","TT","CT","TT",29
"972","FEMALE",198,80,"TT","TT","CC","CC","CC","AA","TT","CC","TT","TT","TT",23
"973","MALE",130,82,"TT","TT","CC","CC","CC","AA","TT","CC","TT","CC","TT",31
"974","MALE",141,80,"CT","TT","TC","CT","CC","AA","TT","CC","TT","CT","TT",32
"975","MALE",161,104,"TT","TT","CC","CC","CC","AA","AT","CC","TT","CC","TT",23
"976","MALE",140,81,"TT","TT","CC","CC","CC","AA","TT","CC","TT","CT","TT",35
"977","FEMALE",168,80,"CC","TT","TT","TT","CC","AG","AT","CC","TT","CT","TT",51
"978","FEMALE",144,68,"TT","TT","CC","CC","CC","AA","TT","CC","TT","TT","TT",28
"979","MALE",128,70,"CT","AT","CC","CT","CT","AG","AT","CT","CT","CT","CT",32
"980","MALE",180,82,"TT","TT","CC","CC","CC",NA,"AT","CC",NA,"TT","TT",30
"981","FEMALE",188,81,"TT","AT","CC","CT","CT","AG","TT","CC","TT","CT","TT",19
"982","FEMALE",127,69,"CC","TT","TT","CT","CC","AG","AA","CT","TT","CC","TT",36
"983","MALE",136,71,"CT","TT","TC","CT","CC","AA","AT","CC","TT","TT","TT",26
"984","FEMALE",154,81,"TT","TT","CC","CC","CC","AG","AT","CT","CT","CT","TT",25
"985","MALE",148,92,"TT",NA,NA,"CT","CT","AA","AT","CT","CT","CC","TT",31
"986","MALE",146,83,"CT","TT","TC","CT","CC","AA","TT","CC","TT","CT","TT",30
"987","MALE",135,93,"CT","AT","TC","TT",NA,"AG","AT","CC","TT","CT","TT",30
"988","MALE",136,94,"CT","AT","TC","TT",NA,"AG","AT","CT","CT","CC","TT",31
"989","MALE",146,90,"CT","TT","CC","CC","CC","AA","TT","CC","TT","CT","CT",33
"990","MALE",108,80,"CT","TT","TC","CT","CC","AG","AT","CC","TT","TT","TT",30
"991","FEMALE",120,95,"CT","TT","CC","CC","CC","AA","AT","CC","CT","CT","CT",30
"992","FEMALE",117,113,"CT","TT","CC","CC","CC","AA","TT","CC","TT","CC","CT",42
"993","FEMALE",140,90,"CT","AT","TC","TT",NA,"AG","AT","CT","CT","CC","TT",24
"994","FEMALE",143,83,"CC","TT","TC","CT","CC","AG","AT","CC","TT","CT","CT",46
"995","FEMALE",159,92,"CT","TT","CC","CC","CC","AA","TT","CC","TT","CT","CT",26
"996","MALE",141,93,"CT","AT","TC",NA,"CC","AA","TT","CC","TT","CT","TT",32
"997","MALE",155,89,"TT","AA","CC","TT","CT","AA","TT","CC","TT","CT","TT",34
"998","MALE",112,72,"TT","AA","CC","TT","CT","AG","AT","CT","CT","CC","TT",26
"999","FEMALE",121,68,"TT","TT","CC","CC","CC","AG","AT","CC","TT","CT","TT",29
"1000","MALE",136,81,"TT","TT","CC","CC","CC","AA","TT","CC","TT","TT","TT",22
